{
  "block_index": 14,
  "task": "minigrid",
  "block_updates_target": 500,
  "block_updates_done": 500,
  "interrupted": false,
  "finished_at": "2026-06-19T18:19:49Z",
  "eval_wall_s": 26.173269987106323,
  "mg_stage_idx": 7,
  "mg_stage_size": 16,
  "eval": {
    "task": "minigrid",
    "sizes": [
      5,
      6,
      7,
      8,
      10,
      12,
      14,
      16
    ],
    "n_episodes": 240,
    "solve_rate": 0.9708333333333333,
    "loop_fail_rate": 0.025,
    "return_mean": 1.5330748135894983,
    "length_mean": 31.345833333333335,
    "entropy_mean": 0.3264287665078664,
    "per_size": {
      "MiniGrid-DoorKey-5x5-v0": {
        "size": 5,
        "env_id": "MiniGrid-DoorKey-5x5-v0",
        "n_episodes": 30,
        "wall_time_s": 1.2334578037261963,
        "solve_rate": 1.0,
        "loop_fail_rate": 0.0,
        "wander_fail_rate": 0.0,
        "return_mean": 1.5656800000000002,
        "return_std": 0.005398666502016957,
        "return_min": 1.5532,
        "return_max": 1.5748,
        "return_p25": 1.5604,
        "return_p50": 1.5676,
        "return_p75": 1.5703,
        "return_p90": 1.5712,
        "length_mean": 9.533333333333333,
        "length_std": 1.4996295838935993,
        "length_min": 7,
        "length_max": 13,
        "key_pickup_rate": 1.0,
        "door_open_rate": 1.0,
        "action_distribution": {
          "left": 0.0979020979020979,
          "right": 0.22377622377622378,
          "forward": 0.46853146853146854,
          "pickup": 0.1048951048951049,
          "drop": 0.0,
          "toggle": 0.1048951048951049,
          "done": 0.0
        },
        "entropy_mean": 0.33167798571649737,
        "value_mean": 1.077834315275023,
        "action_confidence_mean": 0.9230036529339085,
        "unique_states_mean": 7.833333333333333
      },
      "MiniGrid-DoorKey-6x6-v0": {
        "size": 6,
        "env_id": "MiniGrid-DoorKey-6x6-v0",
        "n_episodes": 30,
        "wall_time_s": 1.8232736587524414,
        "solve_rate": 1.0,
        "loop_fail_rate": 0.0,
        "wander_fail_rate": 0.0,
        "return_mean": 1.569,
        "return_std": 0.005147815070493515,
        "return_min": 1.5575,
        "return_max": 1.5775000000000001,
        "return_p25": 1.565,
        "return_p50": 1.5699999999999998,
        "return_p75": 1.5725,
        "return_p90": 1.57525,
        "length_mean": 12.4,
        "length_std": 2.0591260281974004,
        "length_min": 9,
        "length_max": 17,
        "key_pickup_rate": 1.0,
        "door_open_rate": 1.0,
        "action_distribution": {
          "left": 0.1424731182795699,
          "right": 0.16129032258064516,
          "forward": 0.5349462365591398,
          "pickup": 0.08064516129032258,
          "drop": 0.0,
          "toggle": 0.08064516129032258,
          "done": 0.0
        },
        "entropy_mean": 0.28022043157230636,
        "value_mean": 1.0797502657756022,
        "action_confidence_mean": 0.9342663470874479,
        "unique_states_mean": 10.433333333333334
      },
      "MiniGrid-DoorKey-7x7-v0": {
        "size": 7,
        "env_id": "MiniGrid-DoorKey-7x7-v0",
        "n_episodes": 30,
        "wall_time_s": 1.516742467880249,
        "solve_rate": 1.0,
        "loop_fail_rate": 0.0,
        "wander_fail_rate": 0.0,
        "return_mean": 1.572326530612245,
        "return_std": 0.005488392203513824,
        "return_min": 1.5614285714285714,
        "return_max": 1.5853061224489795,
        "return_p25": 1.5687755102040817,
        "return_p50": 1.5724489795918366,
        "return_p75": 1.5779591836734692,
        "return_p90": 1.578142857142857,
        "length_mean": 15.066666666666666,
        "length_std": 2.9881246441353295,
        "length_min": 8,
        "length_max": 21,
        "key_pickup_rate": 1.0,
        "door_open_rate": 1.0,
        "action_distribution": {
          "left": 0.15265486725663716,
          "right": 0.14380530973451328,
          "forward": 0.5707964601769911,
          "pickup": 0.06637168141592921,
          "drop": 0.0,
          "toggle": 0.06637168141592921,
          "done": 0.0
        },
        "entropy_mean": 0.2614791505276525,
        "value_mean": 1.0660539960836188,
        "action_confidence_mean": 0.9374098826819194,
        "unique_states_mean": 13.2
      },
      "MiniGrid-DoorKey-8x8-v0": {
        "size": 8,
        "env_id": "MiniGrid-DoorKey-8x8-v0",
        "n_episodes": 30,
        "wall_time_s": 3.068037748336792,
        "solve_rate": 0.9666666666666667,
        "loop_fail_rate": 0.03333333333333333,
        "wander_fail_rate": 0.0,
        "return_mean": 1.5299218749999997,
        "return_std": 0.23771728598619124,
        "return_min": 0.25,
        "return_max": 1.58453125,
        "return_p25": 1.571875,
        "return_p50": 1.57328125,
        "return_p75": 1.57609375,
        "return_p90": 1.5803125,
        "length_mean": 27.833333333333332,
        "length_std": 50.63930182070927,
        "length_min": 11,
        "length_max": 300,
        "key_pickup_rate": 1.0,
        "door_open_rate": 0.9666666666666667,
        "action_distribution": {
          "left": 0.2718562874251497,
          "right": 0.26467065868263473,
          "forward": 0.39281437125748503,
          "pickup": 0.03592814371257485,
          "drop": 0.0,
          "toggle": 0.03473053892215569,
          "done": 0.0
        },
        "entropy_mean": 0.2578695152969772,
        "value_mean": 1.0640426335356703,
        "action_confidence_mean": 0.9396050467009732,
        "unique_states_mean": 16.033333333333335
      },
      "MiniGrid-DoorKey-10x10-v0": {
        "size": 10,
        "env_id": "MiniGrid-DoorKey-10x10-v0",
        "n_episodes": 30,
        "wall_time_s": 2.7320852279663086,
        "solve_rate": 0.9666666666666667,
        "loop_fail_rate": 0.03333333333333333,
        "wander_fail_rate": 0.0,
        "return_mean": 1.5337600000000002,
        "return_std": 0.2384521763373109,
        "return_min": 0.25,
        "return_max": 1.5865,
        "return_p25": 1.57435,
        "return_p50": 1.57795,
        "return_p75": 1.5811,
        "return_p90": 1.5856899999999998,
        "length_mean": 33.6,
        "length_std": 49.848169474916524,
        "length_min": 15,
        "length_max": 300,
        "key_pickup_rate": 1.0,
        "door_open_rate": 0.9666666666666667,
        "action_distribution": {
          "left": 0.2400793650793651,
          "right": 0.22321428571428573,
          "forward": 0.4781746031746032,
          "pickup": 0.02976190476190476,
          "drop": 0.0,
          "toggle": 0.028769841269841268,
          "done": 0.0
        },
        "entropy_mean": 0.3056826891898524,
        "value_mean": 1.0516820841291932,
        "action_confidence_mean": 0.927509449644911,
        "unique_states_mean": 21.666666666666668
      },
      "MiniGrid-DoorKey-12x12-v0": {
        "size": 12,
        "env_id": "MiniGrid-DoorKey-12x12-v0",
        "n_episodes": 30,
        "wall_time_s": 3.7456023693084717,
        "solve_rate": 0.9666666666666667,
        "loop_fail_rate": 0.03333333333333333,
        "wander_fail_rate": 0.0,
        "return_mean": 1.5286458333333333,
        "return_std": 0.2838883236329717,
        "return_min": 0.0,
        "return_max": 1.589375,
        "return_p25": 1.579375,
        "return_p50": 1.5812499999999998,
        "return_p75": 1.583125,
        "return_p90": 1.5858124999999998,
        "length_mean": 38.833333333333336,
        "length_std": 48.8842737720652,
        "length_min": 17,
        "length_max": 300,
        "key_pickup_rate": 0.9666666666666667,
        "door_open_rate": 0.9666666666666667,
        "action_distribution": {
          "left": 0.08669527896995709,
          "right": 0.07982832618025751,
          "forward": 0.5278969957081545,
          "pickup": 0.28068669527896994,
          "drop": 0.0,
          "toggle": 0.024892703862660945,
          "done": 0.0
        },
        "entropy_mean": 0.36871908593287644,