{
  "block_index": 19,
  "task": "dino",
  "block_updates_target": 169,
  "block_updates_done": 169,
  "interrupted": false,
  "finished_at": "2026-06-20T03:19:48Z",
  "eval_wall_s": 35.69302415847778,
  "mg_stage_idx": 7,
  "mg_stage_size": null,
  "eval": {
    "task": "dino",
    "n_episodes": 20,
    "score_mean": 916.5,
    "score_max": 1505,
    "score_min": 101,
    "return_mean": 300.38050000000123,
    "passes_per_episode": 95.95,
    "entropy_mean": 0.43125203415491525,
    "duck_frac": 0.46076935056844726
  }
}