{
  "per_size": {
    "MiniGrid-DoorKey-5x5-v0": {
      "size": 5,
      "env_id": "MiniGrid-DoorKey-5x5-v0",
      "n_episodes": 30,
      "wall_time_s": 0.8401775360107422,
      "solve_rate": 1.0,
      "loop_fail_rate": 0.0,
      "wander_fail_rate": 0.0,
      "return_mean": 1.5656800000000002,
      "return_std": 0.005398666502016957,
      "return_min": 1.5532,
      "return_max": 1.5748,
      "return_p25": 1.5604,
      "return_p50": 1.5676,
      "return_p75": 1.5703,
      "return_p90": 1.5712,
      "length_mean": 9.533333333333333,
      "length_std": 1.4996295838935993,
      "length_min": 7,
      "length_max": 13,
      "key_pickup_rate": 1.0,
      "door_open_rate": 1.0,
      "action_distribution": {
        "left": 0.0979020979020979,
        "right": 0.22377622377622378,
        "forward": 0.46853146853146854,
        "pickup": 0.1048951048951049,
        "drop": 0.0,
        "toggle": 0.1048951048951049,
        "done": 0.0
      },
      "entropy_mean": 0.3338112632912288,
      "value_mean": 1.0481431200273112,
      "action_confidence_mean": 0.9173858304843888,
      "unique_states_mean": 7.833333333333333
    },
    "MiniGrid-DoorKey-6x6-v0": {
      "size": 6,
      "env_id": "MiniGrid-DoorKey-6x6-v0",
      "n_episodes": 30,
      "wall_time_s": 0.9911503791809082,
      "solve_rate": 1.0,
      "loop_fail_rate": 0.0,
      "wander_fail_rate": 0.0,
      "return_mean": 1.5688333333333335,
      "return_std": 0.005799904213768448,
      "return_min": 1.5525,
      "return_max": 1.5775000000000001,
      "return_p25": 1.565,
      "return_p50": 1.5699999999999998,
      "return_p75": 1.5725,
      "return_p90": 1.57525,
      "length_mean": 12.466666666666667,
      "length_std": 2.3199616855073755,
      "length_min": 9,
      "length_max": 19,
      "key_pickup_rate": 1.0,
      "door_open_rate": 1.0,
      "action_distribution": {
        "left": 0.13636363636363635,
        "right": 0.1657754010695187,
        "forward": 0.5374331550802139,
        "pickup": 0.08021390374331551,
        "drop": 0.0,
        "toggle": 0.08021390374331551,
        "done": 0.0
      },
      "entropy_mean": 0.30509012355737947,
      "value_mean": 1.0420821636897262,
      "action_confidence_mean": 0.9268658539103514,
      "unique_states_mean": 10.433333333333334
    },
    "MiniGrid-DoorKey-7x7-v0": {
      "size": 7,
      "env_id": "MiniGrid-DoorKey-7x7-v0",
      "n_episodes": 30,
      "wall_time_s": 1.3214845657348633,
      "solve_rate": 1.0,
      "loop_fail_rate": 0.0,
      "wander_fail_rate": 0.0,
      "return_mean": 1.573061224489796,
      "return_std": 0.005245334691576445,
      "return_min": 1.5614285714285714,
      "return_max": 1.5853061224489795,
      "return_p25": 1.5706122448979591,
      "return_p50": 1.5733673469387754,
      "return_p75": 1.5775,
      "return_p90": 1.579795918367347,
      "length_mean": 14.666666666666666,
      "length_std": 2.8557933320805198,
      "length_min": 8,
      "length_max": 21,
      "key_pickup_rate": 1.0,
      "door_open_rate": 1.0,
      "action_distribution": {
        "left": 0.13636363636363635,
        "right": 0.15,
        "forward": 0.5772727272727273,
        "pickup": 0.06818181818181818,
        "drop": 0.0,
        "toggle": 0.06818181818181818,
        "done": 0.0
      },
      "entropy_mean": 0.32072355896930005,
      "value_mean": 1.0267288631849794,
      "action_confidence_mean": 0.9212940685359624,
      "unique_states_mean": 12.733333333333333
    },
    "MiniGrid-DoorKey-8x8-v0": {
      "size": 8,
      "env_id": "MiniGrid-DoorKey-8x8-v0",
      "n_episodes": 30,
      "wall_time_s": 3.617382049560547,
      "solve_rate": 0.9333333333333333,
      "loop_fail_rate": 0.06666666666666667,
      "wander_fail_rate": 0.0,
      "return_mean": 1.4859999999999998,
      "return_std": 0.3303637998243376,
      "return_min": 0.25,
      "return_max": 1.58453125,
      "return_p25": 1.571875,
      "return_p50": 1.5746875,
      "return_p75": 1.57609375,
      "return_p90": 1.5803125,
      "length_mean": 37.06666666666667,
      "length_std": 70.34056834825516,
      "length_min": 11,
      "length_max": 300,
      "key_pickup_rate": 1.0,
      "door_open_rate": 0.9333333333333333,
      "action_distribution": {
        "left": 0.32823741007194246,
        "right": 0.3345323741007194,
        "forward": 0.28507194244604317,
        "pickup": 0.02697841726618705,
        "drop": 0.0,
        "toggle": 0.025179856115107913,
        "done": 0.0
      },
      "entropy_mean": 0.3387125024847154,
      "value_mean": 1.0128933907060638,
      "action_confidence_mean": 0.9126490353016842,
      "unique_states_mean": 15.366666666666667
    },
    "MiniGrid-DoorKey-10x10-v0": {
      "size": 10,
      "env_id": "MiniGrid-DoorKey-10x10-v0",
      "n_episodes": 30,
      "wall_time_s": 2.5199992656707764,
      "solve_rate": 1.0,
      "loop_fail_rate": 0.0,
      "wander_fail_rate": 0.0,
      "return_mean": 1.5767799999999998,
      "return_std": 0.005285792277416876,
      "return_min": 1.5613000000000001,
      "return_max": 1.5865,
      "return_p25": 1.5739,
      "return_p50": 1.57705,
      "return_p75": 1.5793,
      "return_p90": 1.58308,
      "length_mean": 25.8,
      "length_std": 5.873102530463208,
      "length_min": 15,
      "length_max": 43,
      "key_pickup_rate": 1.0,
      "door_open_rate": 1.0,
      "action_distribution": {
        "left": 0.10981912144702842,
        "right": 0.14082687338501293,
        "forward": 0.6718346253229974,
        "pickup": 0.03875968992248062,
        "drop": 0.0,
        "toggle": 0.03875968992248062,
        "done": 0.0
      },
      "entropy_mean": 0.3772503814281064,
      "value_mean": 1.0221736414292528,
      "action_confidence_mean": 0.8966778146075215,
      "unique_states_mean": 23.8
    },
    "MiniGrid-DoorKey-12x12-v0": {
      "size": 12,
      "env_id": "MiniGrid-DoorKey-12x12-v0",
      "n_episodes": 30,
      "wall_time_s": 4.291150331497192,
      "solve_rate": 0.9666666666666667,
      "loop_fail_rate": 0.0,
      "wander_fail_rate": 0.03333333333333333,
      "return_mean": 1.5473958333333335,
      "return_std": 0.1759838477535336,
      "return_min": 0.6,
      "return_max": 1.5875,
      "return_p25": 1.57765625,
      "return_p50": 1.580625,
      "return_p75": 1.58296875,
      "return_p90": 1.584,
      "length_mean": 40.833333333333336,
      "length_std": 48.65530689337895,
      "length_min": 20,
      "length_max": 300,
      "key_pickup_rate": 1.0,
      "door_open_rate": 1.0,
      "action_distribution": {
        "left": 0.07591836734693877,
        "right": 0.18612244897959185,
        "forward": 0.6889795918367347,
        "pickup": 0.024489795918367346,
        "drop": 0.0,
        "toggle": 0.024489795918367346,
        "done": 0.0
      },
      "entropy_mean": 0.4037498806973419,
      "value_mean": 1.007501398213854,
      "action_confidence_mean": 0.8858006473632167,
      "unique_states_mean": 29.566666666666666
    },
    "MiniGrid-DoorKey-14x14-v0": {
      "size": 14,
      "env_id": "MiniGrid-DoorKey-14x14-v0",
      "n_episodes": 30,
      "wall_time_s": 8.495283603668213,
      "solve_rate": 0.8,
      "loop_fail_rate": 0.0,
      "wander_fail_rate": 0.2,
      "return_mean": 1.3312397959183675,
      "return_std": 0.5121199808303936,
      "return_min": 0.0,
      "return_max": 1.589438775510204,
      "return_p25": 1.5766964285714287,
      "return_p50": 1.581173469387755,
      "return_p75": 1.5842729591836735,
      "return_p90": 1.5885204081632653,
      "length_mean": 89.96666666666667,
      "length_std": 105.29276117357524,
      "length_min": 23,
      "length_max": 300,
      "key_pickup_rate": 0.9666666666666667,
      "door_open_rate": 0.8666666666666667,
      "action_distribution": {
        "left": 0.0759540570581697,
        "right": 0.19896257873286402,
        "forward": 0.7047054464616525,
        "pickup": 0.010744720266765468,
        "drop": 0.0,