{
  "summary": {
    "n_episodes": 20,
    "wall_time_s": 3.8075053691864014,
    "score_mean": 175.1,
    "score_std": 67.67857859027478,
    "score_min": 52,
    "score_max": 307,
    "score_median": 155,
    "score_p10": 105.5,
    "score_p25": 119.0,
    "score_p50": 155.0,
    "score_p75": 236.75,
    "score_p90": 250.70000000000002,
    "score_p95": 268.05,
    "score_p99": 299.2099999999999,
    "return_mean": 42.57049999999998,
    "return_std": 21.135801256399088,
    "return_min": 4.359999999999996,
    "return_max": 83.16000000000017,
    "return_p25": 25.19249999999996,
    "return_p50": 36.32499999999996,
    "return_p75": 61.099999999999966,
    "return_p90": 68.57500000000006,
    "steps_mean": 308.1,
    "steps_std": 118.67893663156912,
    "steps_min": 92,
    "steps_max": 539,
    "passes_per_episode": 11.25,
    "passes_per_step": 0.0365141187925998,
    "action_distribution": {
      "noop": 0.7474845829276209,
      "jump": 0.2525154170723791,
      "duck": 0.0
    },
    "action_counts": {
      "noop": 4606,
      "jump": 1556,
      "duck": 0
    },
    "death_speed_mean": 5.4,
    "death_speed_std": 0.66332495807108,
    "death_speed_max": 7.0,
    "death_obstacle_counts": {
      "CACTUS": 16,
      "PTERA": 4
    },
    "entropy_mean": 0.6069475267406435,
    "entropy_std": 0.025478083579098934,
    "value_mean": 3.2223113828426024,
    "value_std": 0.316959870729793
  },
  "episodes": [
    {
      "score": 52,
      "return": 4.359999999999996,
      "steps": 92,
      "obstacle_passes": 2,
      "action_counts": [
        76,
        16,
        0
      ],
      "mean_entropy": 0.5683818893588107,
      "mean_value": 2.918091419112423,
      "death_speed": 4.0,
      "death_obstacle": "CACTUS"
    },
    {
      "score": 144,
      "return": 32.169999999999916,
      "steps": 253,
      "obstacle_passes": 8,
      "action_counts": [
        210,
        43,
        0
      ],
      "mean_entropy": 0.6096437146423362,
      "mean_value": 3.4621318569296435,
      "death_speed": 5.0,
      "death_obstacle": "CACTUS"
    },
    {
      "score": 106,
      "return": 21.019999999999968,
      "steps": 187,
      "obstacle_passes": 6,
      "action_counts": [
        140,
        47,
        0
      ],
      "mean_entropy": 0.6054977339538024,
      "mean_value": 2.6342046235334426,
      "death_speed": 5.0,
      "death_obstacle": "CACTUS"
    },
    {
      "score": 242,
      "return": 63.109999999999985,
      "steps": 426,
      "obstacle_passes": 16,
      "action_counts": [
        316,
        110,
        0
      ],
      "mean_entropy": 0.6219059351674268,
      "mean_value": 3.558464358914906,
      "death_speed": 6.0,
      "death_obstacle": "CACTUS"
    },
    {
      "score": 106,
      "return": 20.15999999999995,
      "steps": 186,
      "obstacle_passes": 5,
      "action_counts": [
        156,
        30,
        0
      ],
      "mean_entropy": 0.5449989187300847,
      "mean_value": 3.356800427920716,
      "death_speed": 5.0,
      "death_obstacle": "CACTUS"
    },
    {
      "score": 266,
      "return": 70.60000000000004,
      "steps": 467,
      "obstacle_passes": 18,
      "action_counts": [
        338,
        129,
        0
      ],
      "mean_entropy": 0.6174665221055008,
      "mean_value": 3.189454132535473,
      "death_speed": 6.0,
      "death_obstacle": "CACTUS"
    },
    {
      "score": 307,
      "return": 83.16000000000017,
      "steps": 539,
      "obstacle_passes": 21,
      "action_counts": [
        380,
        159,
        0
      ],
      "mean_entropy": 0.631770589577245,
      "mean_value": 3.278876639446434,
      "death_speed": 7.0,
      "death_obstacle": "CACTUS"
    },
    {
      "score": 138,
      "return": 31.60999999999995,
      "steps": 244,
      "obstacle_passes": 9,
      "action_counts": [
        180,
        64,
        0
      ],
      "mean_entropy": 0.6253238490736875,
      "mean_value": 3.0642369046318727,
      "death_speed": 5.0,
      "death_obstacle": "PTERA"
    },
    {
      "score": 119,
      "return": 25.109999999999957,
      "steps": 209,
      "obstacle_passes": 7,
      "action_counts": [
        162,
        47,
        0
      ],
      "mean_entropy": 0.5933860899729021,
      "mean_value": 3.186261271460775,
      "death_speed": 5.0,
      "death_obstacle": "CACTUS"
    },
    {
      "score": 233,
      "return": 59.98999999999995,
      "steps": 410,
      "obstacle_passes": 15,
      "action_counts": [
        306,
        104,
        0
      ],
      "mean_entropy": 0.6205762141724912,
      "mean_value": 3.6168071332864646,
      "death_speed": 6.0,
      "death_obstacle": "CACTUS"
    },
    {
      "score": 235,
      "return": 60.429999999999964,
      "steps": 413,
      "obstacle_passes": 15,
      "action_counts": [
        308,
        105,
        0
      ],
      "mean_entropy": 0.6247483994856874,
      "mean_value": 3.1092850745951,
      "death_speed": 6.0,
      "death_obstacle": "CACTUS"
    },
    {
      "score": 142,
      "return": 33.34999999999999,
      "steps": 250,
      "obstacle_passes": 10,
      "action_counts": [
        172,
        78,
        0
      ],
      "mean_entropy": 0.6328768651485444,
      "mean_value": 2.4567731697559356,
      "death_speed": 5.0,
      "death_obstacle": "CACTUS"
    },
    {
      "score": 119,
      "return": 25.219999999999963,
      "steps": 210,
      "obstacle_passes": 7,
      "action_counts": [
        164,
        46,
        0
      ],
      "mean_entropy": 0.5758533778644743,
      "mean_value": 3.39130137385357,
      "death_speed": 5.0,
      "death_obstacle": "CACTUS"
    },
    {
      "score": 166,
      "return": 39.29999999999993,
      "steps": 293,
      "obstacle_passes": 10,
      "action_counts": [
        226,
        67,
        0
      ],
      "mean_entropy": 0.5997772003705184,
      "mean_value": 3.553463332278737,
      "death_speed": 5.0,
      "death_obstacle": "PTERA"
    },
    {
      "score": 224,
      "return": 57.97999999999995,
      "steps": 394,
      "obstacle_passes": 15,
      "action_counts": [
        307,
        87,
        0
      ],
      "mean_entropy": 0.6216222333348342,
      "mean_value": 3.434057278189865,
      "death_speed": 6.0,
      "death_obstacle": "CACTUS"
    },
    {
      "score": 130,
      "return": 27.799999999999933,
      "steps": 229,
      "obstacle_passes": 7,
      "action_counts": [
        184,
        45,
        0
      ],
      "mean_entropy": 0.5952876573306505,
      "mean_value": 3.6793089245474495,
      "death_speed": 5.0,
      "death_obstacle": "PTERA"
    },
    {
      "score": 101,
      "return": 19.99999999999996,
      "steps": 179,
      "obstacle_passes": 6,
      "action_counts": [
        145,
        34,
        0
      ],
      "mean_entropy": 0.5756618306456998,
      "mean_value": 3.203211889253648,
      "death_speed": 5.0,
      "death_obstacle": "PTERA"
    },
    {
      "score": 180,
      "return": 43.43999999999993,
      "steps": 316,
      "obstacle_passes": 11,
      "action_counts": [
        240,
        76,
        0
      ],
      "mean_entropy": 0.59208357131368,
      "mean_value": 3.133751090050121,
      "death_speed": 5.0,
      "death_obstacle": "CACTUS"
    },
    {
      "score": 249,
      "return": 68.35000000000007,
      "steps": 438,
      "obstacle_passes": 20,
      "action_counts": [
        286,
        152,
        0
      ],
      "mean_entropy": 0.648351042748314,
      "mean_value": 2.816752030833127,
      "death_speed": 6.0,
      "death_obstacle": "CACTUS"
    },
    {
      "score": 243,
      "return": 64.24999999999997,
      "steps": 427,
      "obstacle_passes": 17,
      "action_counts": [
        310,
        117,
        0
      ],
      "mean_entropy": 0.6337368998161803,
      "mean_value": 3.4029947257223396,
      "death_speed": 6.0,
      "death_obstacle": "CACTUS"
    }
  ]
}