{
  "block_index": 2,
  "task": "minigrid",
  "block_updates_target": 500,
  "block_updates_done": 500,
  "interrupted": false,
  "finished_at": "2026-06-17T12:10:23Z",
  "eval_wall_s": 16.146027326583862,
  "mg_stage_idx": 7,
  "mg_stage_size": 16,
  "eval": {
    "task": "minigrid",
    "sizes": [
      5,
      6,
      7,
      8,
      10,
      12,
      14,
      16
    ],
    "n_episodes": 240,
    "solve_rate": 0.9166666666666666,
    "loop_fail_rate": 0.06666666666666667,
    "return_mean": 1.465253249760842,
    "length_mean": 46.733333333333334,
    "entropy_mean": 0.3837016292040864,
    "per_size": {
      "MiniGrid-DoorKey-5x5-v0": {
        "size": 5,
        "env_id": "MiniGrid-DoorKey-5x5-v0",
        "n_episodes": 30,
        "wall_time_s": 0.4271581172943115,
        "solve_rate": 1.0,
        "loop_fail_rate": 0.0,
        "wander_fail_rate": 0.0,
        "return_mean": 1.5644799999999999,
        "return_std": 0.007478609496423822,
        "return_min": 1.5459999999999998,
        "return_max": 1.5748,
        "return_p25": 1.5604,
        "return_p50": 1.5676,
        "return_p75": 1.5703,
        "return_p90": 1.5712,
        "length_mean": 9.866666666666667,
        "length_std": 2.077391526784384,
        "length_min": 7,
        "length_max": 15,
        "key_pickup_rate": 1.0,
        "door_open_rate": 1.0,
        "action_distribution": {
          "left": 0.12837837837837837,
          "right": 0.18243243243243243,
          "forward": 0.4864864864864865,
          "pickup": 0.10135135135135136,
          "drop": 0.0,
          "toggle": 0.10135135135135136,
          "done": 0.0
        },
        "entropy_mean": 0.34764195943829246,
        "value_mean": 1.1076958340348746,
        "action_confidence_mean": 0.9169200725114973,
        "unique_states_mean": 8.166666666666666
      },
      "MiniGrid-DoorKey-6x6-v0": {
        "size": 6,
        "env_id": "MiniGrid-DoorKey-6x6-v0",
        "n_episodes": 30,
        "wall_time_s": 1.3154706954956055,
        "solve_rate": 0.9333333333333333,
        "loop_fail_rate": 0.06666666666666667,
        "wander_fail_rate": 0.0,
        "return_mean": 1.4795000000000005,
        "return_std": 0.3286553412517943,
        "return_min": 0.25,
        "return_max": 1.5775000000000001,
        "return_p25": 1.560625,
        "return_p50": 1.5675,
        "return_p75": 1.571875,
        "return_p90": 1.575,
        "length_mean": 32.2,
        "length_std": 71.61489602962035,
        "length_min": 9,
        "length_max": 300,
        "key_pickup_rate": 1.0,
        "door_open_rate": 0.9333333333333333,
        "action_distribution": {
          "left": 0.36645962732919257,
          "right": 0.36335403726708076,
          "forward": 0.21014492753623187,
          "pickup": 0.031055900621118012,
          "drop": 0.0,
          "toggle": 0.028985507246376812,
          "done": 0.0
        },
        "entropy_mean": 0.3510668133107384,
        "value_mean": 1.0848056781700643,
        "action_confidence_mean": 0.9114216271279683,
        "unique_states_mean": 10.633333333333333
      },
      "MiniGrid-DoorKey-7x7-v0": {
        "size": 7,
        "env_id": "MiniGrid-DoorKey-7x7-v0",
        "n_episodes": 30,
        "wall_time_s": 1.9019787311553955,
        "solve_rate": 0.9,
        "loop_fail_rate": 0.1,
        "wander_fail_rate": 0.0,
        "return_mean": 1.461639455782313,
        "return_std": 0.33033081783414775,
        "return_min": 0.25,
        "return_max": 1.5853061224489795,
        "return_p25": 1.5637244897959184,
        "return_p50": 1.5696938775510203,
        "return_p75": 1.5742857142857143,
        "return_p90": 1.578142857142857,
        "length_mean": 44.53333333333333,
        "length_std": 85.24894264577257,
        "length_min": 8,
        "length_max": 300,
        "key_pickup_rate": 1.0,
        "door_open_rate": 0.9666666666666667,
        "action_distribution": {
          "left": 0.38248502994011974,
          "right": 0.375,
          "forward": 0.19835329341317365,
          "pickup": 0.02245508982035928,
          "drop": 0.0,
          "toggle": 0.021706586826347306,
          "done": 0.0
        },
        "entropy_mean": 0.3679077282629553,
        "value_mean": 1.0497675807072442,
        "action_confidence_mean": 0.8935372502619513,
        "unique_states_mean": 13.733333333333333
      },
      "MiniGrid-DoorKey-8x8-v0": {
        "size": 8,
        "env_id": "MiniGrid-DoorKey-8x8-v0",
        "n_episodes": 30,
        "wall_time_s": 1.470367431640625,
        "solve_rate": 0.9333333333333333,
        "loop_fail_rate": 0.06666666666666667,
        "wander_fail_rate": 0.0,
        "return_mean": 1.4966354166666667,
        "return_std": 0.2900048904415833,
        "return_min": 0.25,
        "return_max": 1.58453125,
        "return_p25": 1.5690625,
        "return_p50": 1.57328125,
        "return_p75": 1.57609375,
        "return_p90": 1.5803125,
        "length_mean": 37.8,
        "length_std": 70.19278215505257,
        "length_min": 11,
        "length_max": 300,
        "key_pickup_rate": 1.0,
        "door_open_rate": 0.9666666666666667,
        "action_distribution": {
          "left": 0.32451499118165783,
          "right": 0.31216931216931215,
          "forward": 0.31128747795414463,
          "pickup": 0.026455026455026454,
          "drop": 0.0,
          "toggle": 0.025573192239858905,
          "done": 0.0
        },
        "entropy_mean": 0.3534617496919377,
        "value_mean": 1.0493330588508554,
        "action_confidence_mean": 0.9063409781501944,
        "unique_states_mean": 16.733333333333334
      },
      "MiniGrid-DoorKey-10x10-v0": {
        "size": 10,
        "env_id": "MiniGrid-DoorKey-10x10-v0",
        "n_episodes": 30,
        "wall_time_s": 2.1124205589294434,
        "solve_rate": 0.9,
        "loop_fail_rate": 0.1,
        "wander_fail_rate": 0.0,
        "return_mean": 1.456416666666667,
        "return_std": 0.36702580116692374,
        "return_min": 0.25,
        "return_max": 1.5865,
        "return_p25": 1.571425,
        "return_p50": 1.57705,
        "return_p75": 1.580875,
        "return_p90": 1.58479,
        "length_mean": 52.5,
        "length_std": 82.76261233189778,
        "length_min": 15,
        "length_max": 300,
        "key_pickup_rate": 1.0,
        "door_open_rate": 0.9333333333333333,
        "action_distribution": {
          "left": 0.14095238095238094,
          "right": 0.14095238095238094,
          "forward": 0.6812698412698412,
          "pickup": 0.01904761904761905,
          "drop": 0.0,
          "toggle": 0.017777777777777778,
          "done": 0.0
        },
        "entropy_mean": 0.4047250396179709,
        "value_mean": 1.0525049406856326,
        "action_confidence_mean": 0.882352380183009,
        "unique_states_mean": 21.7
      },
      "MiniGrid-DoorKey-12x12-v0": {
        "size": 12,
        "env_id": "MiniGrid-DoorKey-12x12-v0",
        "n_episodes": 30,
        "wall_time_s": 2.0146920680999756,
        "solve_rate": 0.9333333333333333,
        "loop_fail_rate": 0.06666666666666667,
        "wander_fail_rate": 0.0,
        "return_mean": 1.4848541666666668,
        "return_std": 0.36488510189757756,
        "return_min": 0.0,
        "return_max": 1.589375,
        "return_p25": 1.5787499999999999,
        "return_p50": 1.5815625,
        "return_p75": 1.58375,
        "return_p90": 1.5875,
        "length_mean": 46.9,
        "length_std": 67.89911634181995,
        "length_min": 17,
        "length_max": 300,
        "key_pickup_rate": 0.9666666666666667,
        "door_open_rate": 0.9333333333333333,
        "action_distribution": {
          "left": 0.21179815209665956,
          "right": 0.06538734896943853,
          "forward": 0.6823027718550106,
          "pickup": 0.02061122956645345,
          "drop": 0.0,
          "toggle": 0.01990049751243781,
          "done": 0.0
        },
        "entropy_mean": 0.38951754859374144,