{
  "block_index": 12,
  "task": "minigrid",
  "block_updates_target": 500,
  "block_updates_done": 500,
  "interrupted": false,
  "finished_at": "2026-06-19T12:45:18Z",
  "eval_wall_s": 11.890993356704712,
  "mg_stage_idx": 7,
  "mg_stage_size": 16,
  "eval": {
    "task": "minigrid",
    "sizes": [
      5,
      6,
      7,
      8,
      10,
      12,
      14,
      16
    ],
    "n_episodes": 240,
    "solve_rate": 0.975,
    "loop_fail_rate": 0.016666666666666666,
    "return_mean": 1.538846973453444,
    "length_mean": 30.05,
    "entropy_mean": 0.2796349149093056,
    "per_size": {
      "MiniGrid-DoorKey-5x5-v0": {
        "size": 5,
        "env_id": "MiniGrid-DoorKey-5x5-v0",
        "n_episodes": 30,
        "wall_time_s": 0.5022330284118652,
        "solve_rate": 1.0,
        "loop_fail_rate": 0.0,
        "wander_fail_rate": 0.0,
        "return_mean": 1.5656800000000002,
        "return_std": 0.005398666502016957,
        "return_min": 1.5532,
        "return_max": 1.5748,
        "return_p25": 1.5604,
        "return_p50": 1.5676,
        "return_p75": 1.5703,
        "return_p90": 1.5712,
        "length_mean": 9.533333333333333,
        "length_std": 1.4996295838935993,
        "length_min": 7,
        "length_max": 13,
        "key_pickup_rate": 1.0,
        "door_open_rate": 1.0,
        "action_distribution": {
          "left": 0.0979020979020979,
          "right": 0.22377622377622378,
          "forward": 0.46853146853146854,
          "pickup": 0.1048951048951049,
          "drop": 0.0,
          "toggle": 0.1048951048951049,
          "done": 0.0
        },
        "entropy_mean": 0.21878896813960372,
        "value_mean": 1.089649627704467,
        "action_confidence_mean": 0.9540451181041589,
        "unique_states_mean": 7.833333333333333
      },
      "MiniGrid-DoorKey-6x6-v0": {
        "size": 6,
        "env_id": "MiniGrid-DoorKey-6x6-v0",
        "n_episodes": 30,
        "wall_time_s": 0.6513104438781738,
        "solve_rate": 1.0,
        "loop_fail_rate": 0.0,
        "wander_fail_rate": 0.0,
        "return_mean": 1.569166666666667,
        "return_std": 0.005413460589637242,
        "return_min": 1.5575,
        "return_max": 1.5775000000000001,
        "return_p25": 1.565,
        "return_p50": 1.5699999999999998,
        "return_p75": 1.5725,
        "return_p90": 1.57525,
        "length_mean": 12.333333333333334,
        "length_std": 2.165384235854895,
        "length_min": 9,
        "length_max": 17,
        "key_pickup_rate": 1.0,
        "door_open_rate": 1.0,
        "action_distribution": {
          "left": 0.14324324324324325,
          "right": 0.15135135135135136,
          "forward": 0.5432432432432432,
          "pickup": 0.08108108108108109,
          "drop": 0.0,
          "toggle": 0.08108108108108109,
          "done": 0.0
        },
        "entropy_mean": 0.23263591686489196,
        "value_mean": 1.0889428347421004,
        "action_confidence_mean": 0.9494070190833643,
        "unique_states_mean": 10.366666666666667
      },
      "MiniGrid-DoorKey-7x7-v0": {
        "size": 7,
        "env_id": "MiniGrid-DoorKey-7x7-v0",
        "n_episodes": 30,
        "wall_time_s": 0.7163605690002441,
        "solve_rate": 1.0,
        "loop_fail_rate": 0.0,
        "wander_fail_rate": 0.0,
        "return_mean": 1.573183673469388,
        "return_std": 0.005272420442843481,
        "return_min": 1.5614285714285714,
        "return_max": 1.5853061224489795,
        "return_p25": 1.5706122448979591,
        "return_p50": 1.5733673469387754,
        "return_p75": 1.5779591836734692,
        "return_p90": 1.579795918367347,
        "length_mean": 14.6,
        "length_std": 2.870540018881465,
        "length_min": 8,
        "length_max": 21,
        "key_pickup_rate": 1.0,
        "door_open_rate": 1.0,
        "action_distribution": {
          "left": 0.1415525114155251,
          "right": 0.136986301369863,
          "forward": 0.5844748858447488,
          "pickup": 0.0684931506849315,
          "drop": 0.0,
          "toggle": 0.0684931506849315,
          "done": 0.0
        },
        "entropy_mean": 0.2439860941146226,
        "value_mean": 1.0769403923368626,
        "action_confidence_mean": 0.9448837439373653,
        "unique_states_mean": 12.733333333333333
      },
      "MiniGrid-DoorKey-8x8-v0": {
        "size": 8,
        "env_id": "MiniGrid-DoorKey-8x8-v0",
        "n_episodes": 30,
        "wall_time_s": 1.5415072441101074,
        "solve_rate": 0.9666666666666667,
        "loop_fail_rate": 0.03333333333333333,
        "wander_fail_rate": 0.0,
        "return_mean": 1.5302968750000001,
        "return_std": 0.23778565726054235,
        "return_min": 0.25,
        "return_max": 1.58453125,
        "return_p25": 1.571875,
        "return_p50": 1.5746875,
        "return_p75": 1.57609375,
        "return_p90": 1.5803125,
        "length_mean": 27.566666666666666,
        "length_std": 50.68575298400484,
        "length_min": 11,
        "length_max": 300,
        "key_pickup_rate": 1.0,
        "door_open_rate": 0.9666666666666667,
        "action_distribution": {
          "left": 0.26844014510278114,
          "right": 0.2660217654171705,
          "forward": 0.3941958887545345,
          "pickup": 0.036275695284159616,
          "drop": 0.0,
          "toggle": 0.03506650544135429,
          "done": 0.0
        },
        "entropy_mean": 0.26109545258893785,
        "value_mean": 1.0764609718649132,
        "action_confidence_mean": 0.9382975486691068,
        "unique_states_mean": 15.766666666666667
      },
      "MiniGrid-DoorKey-10x10-v0": {
        "size": 10,
        "env_id": "MiniGrid-DoorKey-10x10-v0",
        "n_episodes": 30,
        "wall_time_s": 1.324988842010498,
        "solve_rate": 1.0,
        "loop_fail_rate": 0.0,
        "wander_fail_rate": 0.0,
        "return_mean": 1.5777400000000001,
        "return_std": 0.0056680155257373905,
        "return_min": 1.5649,
        "return_max": 1.5865,
        "return_p25": 1.57435,
        "return_p50": 1.5784,
        "return_p75": 1.5811,
        "return_p90": 1.58479,
        "length_mean": 24.733333333333334,
        "length_std": 6.297795028597091,
        "length_min": 15,
        "length_max": 39,
        "key_pickup_rate": 1.0,
        "door_open_rate": 1.0,
        "action_distribution": {
          "left": 0.12264150943396226,
          "right": 0.11994609164420485,
          "forward": 0.6765498652291105,
          "pickup": 0.04043126684636118,
          "drop": 0.0,
          "toggle": 0.04043126684636118,
          "done": 0.0
        },
        "entropy_mean": 0.27084988915048724,
        "value_mean": 1.0586056616377053,
        "action_confidence_mean": 0.9355009373246298,
        "unique_states_mean": 22.6
      },
      "MiniGrid-DoorKey-12x12-v0": {
        "size": 12,
        "env_id": "MiniGrid-DoorKey-12x12-v0",
        "n_episodes": 30,
        "wall_time_s": 1.7255775928497314,
        "solve_rate": 0.9666666666666667,
        "loop_fail_rate": 0.03333333333333333,
        "wander_fail_rate": 0.0,
        "return_mean": 1.5291458333333334,
        "return_std": 0.2839801050897854,
        "return_min": 0.0,
        "return_max": 1.589375,
        "return_p25": 1.580625,
        "return_p50": 1.5818750000000001,
        "return_p75": 1.58375,
        "return_p90": 1.5869375000000001,
        "length_mean": 38.03333333333333,
        "length_std": 49.01597245343151,
        "length_min": 17,
        "length_max": 300,
        "key_pickup_rate": 0.9666666666666667,
        "door_open_rate": 0.9666666666666667,
        "action_distribution": {
          "left": 0.08238387379491674,
          "right": 0.08676599474145487,
          "forward": 0.5188431200701139,
          "pickup": 0.28659070990359337,
          "drop": 0.0,
          "toggle": 0.025416301489921123,
          "done": 0.0
        },
        "entropy_mean": 0.3221504270399734,
        "value_mean": 1.0517520421640587,