{
  "per_size": {
    "MiniGrid-DoorKey-5x5-v0": {
      "size": 5,
      "env_id": "MiniGrid-DoorKey-5x5-v0",
      "n_episodes": 30,
      "wall_time_s": 0.5700101852416992,
      "solve_rate": 1.0,
      "loop_fail_rate": 0.0,
      "wander_fail_rate": 0.0,
      "return_mean": 1.5656800000000002,
      "return_std": 0.005398666502016957,
      "return_min": 1.5532,
      "return_max": 1.5748,
      "return_p25": 1.5604,
      "return_p50": 1.5676,
      "return_p75": 1.5703,
      "return_p90": 1.5712,
      "length_mean": 9.533333333333333,
      "length_std": 1.4996295838935993,
      "length_min": 7,
      "length_max": 13,
      "key_pickup_rate": 1.0,
      "door_open_rate": 1.0,
      "action_distribution": {
        "left": 0.0979020979020979,
        "right": 0.22377622377622378,
        "forward": 0.46853146853146854,
        "pickup": 0.1048951048951049,
        "drop": 0.0,
        "toggle": 0.1048951048951049,
        "done": 0.0
      },
      "entropy_mean": 0.3740198590010524,
      "value_mean": 1.0746365867637235,
      "action_confidence_mean": 0.8995715882791885,
      "unique_states_mean": 7.833333333333333
    },
    "MiniGrid-DoorKey-6x6-v0": {
      "size": 6,
      "env_id": "MiniGrid-DoorKey-6x6-v0",
      "n_episodes": 30,
      "wall_time_s": 0.7689263820648193,
      "solve_rate": 0.9666666666666667,
      "loop_fail_rate": 0.03333333333333333,
      "wander_fail_rate": 0.0,
      "return_mean": 1.5252500000000002,
      "return_std": 0.2368696459377323,
      "return_min": 0.25,
      "return_max": 1.5775000000000001,
      "return_p25": 1.565,
      "return_p50": 1.5699999999999998,
      "return_p75": 1.5725,
      "return_p90": 1.57525,
      "length_mean": 21.9,
      "length_std": 51.68710348497647,
      "length_min": 9,
      "length_max": 300,
      "key_pickup_rate": 1.0,
      "door_open_rate": 0.9666666666666667,
      "action_distribution": {
        "left": 0.30441400304414,
        "right": 0.3105022831050228,
        "forward": 0.2952815829528158,
        "pickup": 0.045662100456621,
        "drop": 0.0,
        "toggle": 0.0441400304414003,
        "done": 0.0
      },
      "entropy_mean": 0.3768862938349219,
      "value_mean": 1.073397686846328,
      "action_confidence_mean": 0.9018671731832594,
      "unique_states_mean": 10.033333333333333
    },
    "MiniGrid-DoorKey-7x7-v0": {
      "size": 7,
      "env_id": "MiniGrid-DoorKey-7x7-v0",
      "n_episodes": 30,
      "wall_time_s": 1.629432201385498,
      "solve_rate": 0.9,
      "loop_fail_rate": 0.1,
      "wander_fail_rate": 0.0,
      "return_mean": 1.4531564625850344,
      "return_std": 0.36593154281318446,
      "return_min": 0.25,
      "return_max": 1.5853061224489795,
      "return_p25": 1.569234693877551,
      "return_p50": 1.5733673469387754,
      "return_p75": 1.5779591836734692,
      "return_p90": 1.579795918367347,
      "length_mean": 42.8,
      "length_std": 85.77039116151914,
      "length_min": 8,
      "length_max": 300,
      "key_pickup_rate": 1.0,
      "door_open_rate": 0.9333333333333333,
      "action_distribution": {
        "left": 0.2764797507788162,
        "right": 0.2749221183800623,
        "forward": 0.40342679127725856,
        "pickup": 0.02336448598130841,
        "drop": 0.0,
        "toggle": 0.021806853582554516,
        "done": 0.0
      },
      "entropy_mean": 0.41487530106800513,
      "value_mean": 1.052401668495642,
      "action_confidence_mean": 0.8813003648917691,
      "unique_states_mean": 11.733333333333333
    },
    "MiniGrid-DoorKey-8x8-v0": {
      "size": 8,
      "env_id": "MiniGrid-DoorKey-8x8-v0",
      "n_episodes": 30,
      "wall_time_s": 1.4353408813476562,
      "solve_rate": 0.9333333333333333,
      "loop_fail_rate": 0.06666666666666667,
      "wander_fail_rate": 0.0,
      "return_mean": 1.4858125,
      "return_std": 0.3303148045685926,
      "return_min": 0.25,
      "return_max": 1.58453125,
      "return_p25": 1.5704687499999999,
      "return_p50": 1.573984375,
      "return_p75": 1.57609375,
      "return_p90": 1.5803125,
      "length_mean": 37.2,
      "length_std": 70.30760982994659,
      "length_min": 11,
      "length_max": 300,
      "key_pickup_rate": 1.0,
      "door_open_rate": 0.9333333333333333,
      "action_distribution": {
        "left": 0.32974910394265233,
        "right": 0.33602150537634407,
        "forward": 0.28225806451612906,
        "pickup": 0.026881720430107527,
        "drop": 0.0,
        "toggle": 0.025089605734767026,
        "done": 0.0
      },
      "entropy_mean": 0.39006973789084337,
      "value_mean": 1.0498068092119017,
      "action_confidence_mean": 0.8957848160153203,
      "unique_states_mean": 15.533333333333333
    },
    "MiniGrid-DoorKey-10x10-v0": {
      "size": 10,
      "env_id": "MiniGrid-DoorKey-10x10-v0",
      "n_episodes": 30,
      "wall_time_s": 0.9618771076202393,
      "solve_rate": 1.0,
      "loop_fail_rate": 0.0,
      "wander_fail_rate": 0.0,
      "return_mean": 1.5779200000000002,
      "return_std": 0.005483028360313318,
      "return_min": 1.5649,
      "return_max": 1.5865,
      "return_p25": 1.57435,
      "return_p50": 1.57795,
      "return_p75": 1.5811,
      "return_p90": 1.5856899999999998,
      "length_mean": 24.533333333333335,
      "length_std": 6.092253733681449,
      "length_min": 15,
      "length_max": 39,
      "key_pickup_rate": 1.0,
      "door_open_rate": 1.0,
      "action_distribution": {
        "left": 0.11548913043478261,
        "right": 0.14266304347826086,
        "forward": 0.6603260869565217,
        "pickup": 0.04076086956521739,
        "drop": 0.0,
        "toggle": 0.04076086956521739,
        "done": 0.0
      },
      "entropy_mean": 0.3964284259872954,
      "value_mean": 1.0402431309360474,
      "action_confidence_mean": 0.8967617323077998,
      "unique_states_mean": 22.433333333333334
    },
    "MiniGrid-DoorKey-12x12-v0": {
      "size": 12,
      "env_id": "MiniGrid-DoorKey-12x12-v0",
      "n_episodes": 30,
      "wall_time_s": 1.2926390171051025,
      "solve_rate": 1.0,
      "loop_fail_rate": 0.0,
      "wander_fail_rate": 0.0,
      "return_mean": 1.5816458333333334,
      "return_std": 0.0037062845464007235,
      "return_min": 1.5725,
      "return_max": 1.589375,
      "return_p25": 1.58015625,
      "return_p50": 1.5818750000000001,
      "return_p75": 1.583125,
      "return_p90": 1.5875,
      "length_mean": 29.366666666666667,
      "length_std": 5.930055274241172,
      "length_min": 17,
      "length_max": 44,
      "key_pickup_rate": 1.0,
      "door_open_rate": 1.0,
      "action_distribution": {
        "left": 0.11010215664018161,
        "right": 0.1373439273552781,
        "forward": 0.684449489216799,
        "pickup": 0.0340522133938706,
        "drop": 0.0,
        "toggle": 0.0340522133938706,
        "done": 0.0
      },
      "entropy_mean": 0.4000672392912286,
      "value_mean": 1.0269259140144955,
      "action_confidence_mean": 0.896484943607905,
      "unique_states_mean": 27.3
    },
    "MiniGrid-DoorKey-14x14-v0": {
      "size": 14,
      "env_id": "MiniGrid-DoorKey-14x14-v0",
      "n_episodes": 30,
      "wall_time_s": 1.9423596858978271,
      "solve_rate": 0.9666666666666667,
      "loop_fail_rate": 0.03333333333333333,
      "wander_fail_rate": 0.0,
      "return_mean": 1.538530612244898,
      "return_std": 0.239304508204116,
      "return_min": 0.25,
      "return_max": 1.5898979591836735,
      "return_p25": 1.5801403061224488,
      "return_p50": 1.5836989795918366,
      "return_p75": 1.585765306122449,
      "return_p90": 1.587280612244898,
      "length_mean": 45.86666666666667,
      "length_std": 47.916408694957745,
      "length_min": 22,
      "length_max": 300,
      "key_pickup_rate": 1.0,
      "door_open_rate": 0.9666666666666667,
      "action_distribution": {
        "left": 0.07921511627906977,
        "right": 0.3168604651162791,
        "forward": 0.561046511627907,