{
  "run_timestamp": "20260531_220433",
  "checkpoint": "checkpoints_duck_v13/best_duck.pt",
  "seed": 42,
  "model_params": 23300,
  "device": "cpu",
  "deterministic": {
    "n_episodes": 25,
    "aggregate": {
      "score_stats": {
        "n": 25,
        "mean": 565.8,
        "std": 154.95886550952804,
        "sem": 30.991773101905608,
        "min": 253.0,
        "p1": 283.48,
        "p5": 386.6,
        "p10": 435.40000000000003,
        "p25": 483.0,
        "median": 548.0,
        "p75": 612.0,
        "p90": 727.6,
        "p95": 738.8,
        "p99": 1001.1999999999994,
        "max": 1084.0,
        "iqr": 129.0,
        "ci95_lo": 505.05612472026496,
        "ci95_hi": 626.543875279735,
        "cv": 0.27387569019004604,
        "skewness": NaN,
        "kurtosis": NaN
      },
      "return_stats": {
        "n": 25,
        "mean": -4.780800000000066,
        "std": 1.4516138145755493,
        "sem": 0.29032276291510983,
        "min": -7.6600000000000055,
        "p1": -7.388800000000011,
        "p5": -6.462000000000031,
        "p10": -5.986000000000041,
        "p25": -5.5500000000000504,
        "median": -4.9400000000000635,
        "p75": -4.350000000000076,
        "p90": -3.2640000000000975,
        "p95": -3.1560000000001014,
        "p99": -0.6724000000001595,
        "max": 0.10999999999983068,
        "iqr": 1.1999999999999744,
        "ci95_lo": -5.349832615313681,
        "ci95_hi": -4.211767384686451,
        "cv": 0.3036340810273446,
        "skewness": NaN,
        "kurtosis": NaN
      },
      "step_stats": {
        "n": 25,
        "mean": 608.2,
        "std": 137.7295054324478,
        "sem": 27.54590108648956,
        "min": 270.0,
        "p1": 308.64,
        "p5": 440.0,
        "p10": 495.20000000000005,
        "p25": 542.0,
        "median": 608.0,
        "p75": 651.0,
        "p90": 753.2,
        "p95": 775.5999999999999,
        "p99": 960.3999999999995,
        "max": 1018.0,
        "iqr": 109.0,
        "ci95_lo": 554.2100338704805,
        "ci95_hi": 662.1899661295196,
        "cv": 0.22645430028353797,
        "skewness": NaN,
        "kurtosis": NaN
      },
      "time_stats": {
        "n": 25,
        "mean": 49.419399423599245,
        "std": 11.331447428254753,
        "sem": 2.2662894856509506,
        "min": 22.364432096481323,
        "p1": 25.50725190162659,
        "p5": 35.998015832901004,
        "p10": 39.93201909065247,
        "p25": 43.66465210914612,
        "median": 48.56444501876831,
        "p75": 53.298827171325684,
        "p90": 61.43985953330994,
        "p95": 62.2023485660553,
        "p99": 78.97676969528194,
        "max": 84.26911163330078,
        "iqr": 9.634175062179565,
        "ci95_lo": 44.97747203172338,
        "ci95_hi": 53.86132681547511,
        "cv": 0.22929148391964568,
        "skewness": NaN,
        "kurtosis": NaN
      },
      "speed_stats": {
        "n": 25,
        "mean": 9.048600000000087,
        "std": 0.5926159520855622,
        "sem": 0.11852319041711243,
        "min": 8.153000000000583,
        "p1": 8.191640000000561,
        "p5": 8.367600000000465,
        "p10": 8.582000000000345,
        "p25": 8.70100000000028,
        "median": 8.943000000000145,
        "p75": 9.22299999999999,
        "p90": 9.713199999999718,
        "p95": 9.756799999999695,
        "p99": 10.765519999999132,
        "max": 11.083999999998959,
        "iqr": 0.5219999999997107,
        "ci95_lo": 8.816294546782547,
        "ci95_hi": 9.280905453217628,
        "cv": 0.06549255709010858,
        "skewness": NaN,
        "kurtosis": NaN
      },
      "value_stats": {
        "n": 15205,
        "mean": -3.248798593303476,
        "std": 0.9996187013760357,
        "sem": 0.008106645096150642,
        "min": -6.653397083282471,
        "p1": -5.556621074676514,
        "p5": -4.788494014739991,
        "p10": -4.490902137756348,
        "p25": -4.0088419914245605,
        "median": -3.281548261642456,
        "p75": -2.4697928428649902,
        "p90": -1.9127103090286255,
        "p95": -1.4447448253631598,
        "p99": -1.324843273162842,
        "max": -1.1508417129516602,
        "iqr": 1.5390491485595703,
        "ci95_lo": -3.2646876176919313,
        "ci95_hi": -3.2329095689150207,
        "cv": 0.30768872636071704,
        "skewness": NaN,
        "kurtosis": NaN
      },
      "action_distribution": {
        "noop": {
          "count": 14165,
          "frac": 0.9316
        },
        "jump": {
          "count": 1023,
          "frac": 0.0673
        },
        "duck": {
          "count": 17,
          "frac": 0.0011
        }
      },
      "global_action_entropy": 0.2551849340679673,
      "mean_per_episode_action_entropy": 0.24916338329343532,
      "survival_rates": {
        "sr_100": 100.0,
        "sr_200": 100.0,
        "sr_300": 96.0,
        "sr_400": 92.0,
        "sr_500": 68.0,
        "sr_750": 4.0,
        "sr_1000": 4.0
      },
      "death_causes": {
        "PTERODACTYL": 22,
        "CACTUS_LARGE": 3
      },
      "pterodactyl_death_frac": 0.88
    },
    "episodes": [
      {
        "episode": 1,
        "score": 253,
        "return": -7.66,
        "steps": 270,
        "wall_time_s": 22.364,
        "mode": "deterministic",
        "final_speed": 8.803,
        "death_cause": "PTERODACTYL",
        "action_counts": {
          "noop": 254,
          "jump": 16,
          "duck": 0
        },
        "action_fracs": {
          "noop": 0.9407,
          "jump": 0.0593,
          "duck": 0.0
        },
        "value_mean": -3.0793,
        "value_std": 0.9036,
        "value_min": -4.6676,
        "value_max": -1.2316
      },
      {
        "episode": 2,
        "score": 522,
        "return": -5.22,
        "steps": 564,
        "wall_time_s": 46.629,
        "mode": "deterministic",
        "final_speed": 8.824,
        "death_cause": "PTERODACTYL",
        "action_counts": {
          "noop": 523,
          "jump": 41,
          "duck": 0
        },
        "action_fracs": {
          "noop": 0.9273,
          "jump": 0.0727,
          "duck": 0.0
        },
        "value_mean": -3.091,
        "value_std": 0.8804,
        "value_min": -4.8516,
        "value_max": -1.1514
      },
      {
        "episode": 3,
        "score": 559,
        "return": -4.87,
        "steps": 608,
        "wall_time_s": 49.395,
        "mode": "deterministic",
        "final_speed": 8.988,
        "death_cause": "PTERODACTYL",
        "action_counts": {
          "noop": 565,
          "jump": 43,
          "duck": 0
        },
        "action_fracs": {
          "noop": 0.9293,
          "jump": 0.0707,
          "duck": 0.0
        },
        "value_mean": -3.2079,
        "value_std": 0.9222,
        "value_min": -4.9865,
        "value_max": -1.1522
      },
      {
        "episode": 4,
        "score": 738,
        "return": -3.15,
        "steps": 778,
        "wall_time_s": 62.141,
        "mode": "deterministic",
        "final_speed": 9.756,
        "death_cause": "PTERODACTYL",
        "action_counts": {
          "noop": 729,
          "jump": 49,
          "duck": 0
        },
        "action_fracs": {
          "noop": 0.937,
          "jump": 0.063,
          "duck": 0.0
        },
        "value_mean": -3.4932,
        "value_std": 1.0682,
        "value_min": -5.3971,
        "value_max": -1.1517
      },
      {
        "episode": 5,
        "score": 548,
        "return": -4.97,
        "steps": 610,
        "wall_time_s": 48.564,
        "mode": "deterministic",
        "final_speed": 8.943,
        "death_cause": "PTERODACTYL",
        "action_counts": {
          "noop": 567,
          "jump": 43,
          "duck": 0
        },
        "action_fracs": {
          "noop": 0.9295,
          "jump": 0.0705,
          "duck": 0.0
        },
        "value_mean": -3.1532,
        "value_std": 0.9071,
        "value_min": -4.9874,
        "value_max": -1.153
      },
      {
        "episode": 6,