{
  "per_size": {
    "MiniGrid-DoorKey-5x5-v0": {
      "size": 5,
      "env_id": "MiniGrid-DoorKey-5x5-v0",
      "n_episodes": 30,
      "wall_time_s": 1.0315735340118408,
      "solve_rate": 1.0,
      "loop_fail_rate": 0.0,
      "wander_fail_rate": 0.0,
      "return_mean": 1.5656800000000002,
      "return_std": 0.005398666502016957,
      "return_min": 1.5532,
      "return_max": 1.5748,
      "return_p25": 1.5604,
      "return_p50": 1.5676,
      "return_p75": 1.5703,
      "return_p90": 1.5712,
      "length_mean": 9.533333333333333,
      "length_std": 1.4996295838935993,
      "length_min": 7,
      "length_max": 13,
      "key_pickup_rate": 1.0,
      "door_open_rate": 1.0,
      "action_distribution": {
        "left": 0.0979020979020979,
        "right": 0.22377622377622378,
        "forward": 0.46853146853146854,
        "pickup": 0.1048951048951049,
        "drop": 0.0,
        "toggle": 0.1048951048951049,
        "done": 0.0
      },
      "entropy_mean": 0.34774558883588913,
      "value_mean": 1.0669095062300036,
      "action_confidence_mean": 0.9137402678466569,
      "unique_states_mean": 7.833333333333333
    },
    "MiniGrid-DoorKey-6x6-v0": {
      "size": 6,
      "env_id": "MiniGrid-DoorKey-6x6-v0",
      "n_episodes": 30,
      "wall_time_s": 8.927544116973877,
      "solve_rate": 0.7333333333333333,
      "loop_fail_rate": 0.26666666666666666,
      "wander_fail_rate": 0.0,
      "return_mean": 1.299166666666667,
      "return_std": 0.4519938851602112,
      "return_min": 0.25,
      "return_max": 1.5775000000000001,
      "return_p25": 0.839375,
      "return_p50": 1.56625,
      "return_p75": 1.5725,
      "return_p90": 1.57525,
      "length_mean": 89.0,
      "length_std": 127.25381461211029,
      "length_min": 9,
      "length_max": 300,
      "key_pickup_rate": 1.0,
      "door_open_rate": 0.9666666666666667,
      "action_distribution": {
        "left": 0.07715355805243446,
        "right": 0.07303370786516854,
        "forward": 0.8277153558052435,
        "pickup": 0.011235955056179775,
        "drop": 0.0,
        "toggle": 0.010861423220973783,
        "done": 0.0
      },
      "entropy_mean": 0.5861797021767773,
      "value_mean": 1.0526640727766334,
      "action_confidence_mean": 0.7847412203141914,
      "unique_states_mean": 9.366666666666667
    },
    "MiniGrid-DoorKey-7x7-v0": {
      "size": 7,
      "env_id": "MiniGrid-DoorKey-7x7-v0",
      "n_episodes": 30,
      "wall_time_s": 1.9007363319396973,
      "solve_rate": 0.9666666666666667,
      "loop_fail_rate": 0.03333333333333333,
      "wander_fail_rate": 0.0,
      "return_mean": 1.540401360544218,
      "return_std": 0.17472302893760455,
      "return_min": 0.6,
      "return_max": 1.5853061224489795,
      "return_p25": 1.5687755102040817,
      "return_p50": 1.5724489795918366,
      "return_p75": 1.5779591836734692,
      "return_p90": 1.579795918367347,
      "length_mean": 24.3,
      "length_std": 51.2920721619498,
      "length_min": 8,
      "length_max": 300,
      "key_pickup_rate": 1.0,
      "door_open_rate": 1.0,
      "action_distribution": {
        "left": 0.0877914951989026,
        "right": 0.08367626886145405,
        "forward": 0.7462277091906722,
        "pickup": 0.0411522633744856,
        "drop": 0.0,
        "toggle": 0.0411522633744856,
        "done": 0.0
      },
      "entropy_mean": 0.37277248075196395,
      "value_mean": 1.0463204884256263,
      "action_confidence_mean": 0.901044342308373,
      "unique_states_mean": 12.966666666666667
    },
    "MiniGrid-DoorKey-8x8-v0": {
      "size": 8,
      "env_id": "MiniGrid-DoorKey-8x8-v0",
      "n_episodes": 30,
      "wall_time_s": 2.838413715362549,
      "solve_rate": 0.9333333333333333,
      "loop_fail_rate": 0.06666666666666667,
      "wander_fail_rate": 0.0,
      "return_mean": 1.4860937499999998,
      "return_std": 0.33038875361553244,
      "return_min": 0.25,
      "return_max": 1.58453125,
      "return_p25": 1.5708203125,
      "return_p50": 1.5746875,
      "return_p75": 1.57609375,
      "return_p90": 1.5803125,
      "length_mean": 37.0,
      "length_std": 70.35813148930738,
      "length_min": 11,
      "length_max": 300,
      "key_pickup_rate": 1.0,
      "door_open_rate": 0.9333333333333333,
      "action_distribution": {
        "left": 0.1963963963963964,
        "right": 0.1990990990990991,
        "forward": 0.5522522522522523,
        "pickup": 0.02702702702702703,
        "drop": 0.0,
        "toggle": 0.025225225225225224,
        "done": 0.0
      },
      "entropy_mean": 0.3761408033166147,
      "value_mean": 1.052162054331405,
      "action_confidence_mean": 0.9025406111041767,
      "unique_states_mean": 15.466666666666667
    },
    "MiniGrid-DoorKey-10x10-v0": {
      "size": 10,
      "env_id": "MiniGrid-DoorKey-10x10-v0",
      "n_episodes": 30,
      "wall_time_s": 2.6643495559692383,
      "solve_rate": 0.9666666666666667,
      "loop_fail_rate": 0.03333333333333333,
      "wander_fail_rate": 0.0,
      "return_mean": 1.53352,
      "return_std": 0.2384050829995032,
      "return_min": 0.25,
      "return_max": 1.5865,
      "return_p25": 1.57435,
      "return_p50": 1.57795,
      "return_p75": 1.5806499999999999,
      "return_p90": 1.58479,
      "length_mean": 33.86666666666667,
      "length_std": 49.78402242576315,
      "length_min": 15,
      "length_max": 300,
      "key_pickup_rate": 1.0,
      "door_open_rate": 0.9666666666666667,
      "action_distribution": {
        "left": 0.23818897637795275,
        "right": 0.22736220472440946,
        "forward": 0.4763779527559055,
        "pickup": 0.02952755905511811,
        "drop": 0.0,
        "toggle": 0.028543307086614175,
        "done": 0.0
      },
      "entropy_mean": 0.3551966320096389,
      "value_mean": 1.0313187414197018,
      "action_confidence_mean": 0.913450365657224,
      "unique_states_mean": 21.9
    },
    "MiniGrid-DoorKey-12x12-v0": {
      "size": 12,
      "env_id": "MiniGrid-DoorKey-12x12-v0",
      "n_episodes": 30,
      "wall_time_s": 2.404426336288452,
      "solve_rate": 1.0,
      "loop_fail_rate": 0.0,
      "wander_fail_rate": 0.0,
      "return_mean": 1.5811875,
      "return_std": 0.004373065048300413,
      "return_min": 1.57125,
      "return_max": 1.589375,
      "return_p25": 1.57953125,
      "return_p50": 1.5815625,
      "return_p75": 1.58375,
      "return_p90": 1.5863749999999999,
      "length_mean": 30.1,
      "length_std": 6.996904077280656,
      "length_min": 17,
      "length_max": 46,
      "key_pickup_rate": 1.0,
      "door_open_rate": 1.0,
      "action_distribution": {
        "left": 0.1184939091915836,
        "right": 0.10299003322259136,
        "forward": 0.7120708748615725,
        "pickup": 0.03322259136212625,
        "drop": 0.0,
        "toggle": 0.03322259136212625,
        "done": 0.0
      },
      "entropy_mean": 0.37233129887535,
      "value_mean": 1.0228100620749148,
      "action_confidence_mean": 0.9067831249436523,
      "unique_states_mean": 27.966666666666665
    },
    "MiniGrid-DoorKey-14x14-v0": {
      "size": 14,
      "env_id": "MiniGrid-DoorKey-14x14-v0",
      "n_episodes": 30,
      "wall_time_s": 3.501643657684326,
      "solve_rate": 1.0,
      "loop_fail_rate": 0.0,
      "wander_fail_rate": 0.0,
      "return_mean": 1.582551020408163,
      "return_std": 0.0047542698755062675,
      "return_min": 1.5719897959183673,
      "return_max": 1.5898979591836735,
      "return_p25": 1.5794515306122447,
      "return_p50": 1.5836989795918366,
      "return_p75": 1.585765306122449,
      "return_p90": 1.5881071428571427,
      "length_mean": 38.0,
      "length_std": 10.353743284435827,
      "length_min": 22,
      "length_max": 61,
      "key_pickup_rate": 1.0,
      "door_open_rate": 1.0,
      "action_distribution": {
        "left": 0.10175438596491228,
        "right": 0.10877192982456141,
        "forward": 0.7368421052631579,
        "pickup": 0.02631578947368421,