{
  "run_timestamp": "20260601_153917",
  "checkpoint": "checkpoints_scratch_duck/best_duck.pt",
  "methodology": {
    "n_warmup": 10,
    "n_timed_runs": 20,
    "seed": 42,
    "torch_threads": 10,
    "description": "20 timed iterations after 10 warmup passes; perf_counter wall time including host/device sync on CUDA."
  },
  "hardware": {
    "platform": "Windows-10-10.0.26200-SP0",
    "processor": "Intel64 Family 6 Model 154 Stepping 4, GenuineIntel",
    "python": "3.10.20",
    "torch": "2.12.0+cpu",
    "torch_device": "cpu",
    "cpu_count_logical": 12,
    "torch_num_threads": 10,
    "cuda_available": false,
    "cuda_device_name": null
  },
  "model": {
    "architecture": "ActorCritic MLP (2x128 Tanh + policy/value heads)",
    "hidden_size": 128,
    "parameters_total": 23300,
    "parameters_trainable": 23300,
    "checkpoint_size_bytes": 97277,
    "checkpoint_size_mb": 0.09277057647705078,
    "weight_memory_fp32_mb": 0.0888824462890625,
    "process_rss_mb_before": 254.2,
    "process_rss_mb_after": 255.27
  },
  "analytical": {
    "linear_mac_total": 23300,
    "layer1_mac": 6272,
    "layer2_mac": 16512,
    "policy_head_mac": 387,
    "value_head_mac": 129,
    "trunk_mac": 22784,
    "activation_ops_estimate": 256,
    "softmax_argmax_ops_estimate": 14,
    "macs_forward_with_activations": 23556,
    "macs_deploy_with_softmax_argmax": 23570,
    "flops_forward_estimate": 47112,
    "flops_deploy_estimate": 47140
  },
  "inference": {
    "forward_only": {
      "latency_ms": {
        "n": 20,
        "mean": 0.04487500409595668,
        "std": 0.004090794359022483,
        "sem": 0.0009147294268746951,
        "min": 0.042899977415800095,
        "max": 0.06120000034570694,
        "median": 0.04349998198449612,
        "p5": 0.042994978139176965,
        "p95": 0.04444998921826482,
        "p99": 0.05886300466954707,
        "ci95_lo": 0.043082134419282284,
        "ci95_hi": 0.04666787377263108,
        "cv": 0.09115975455456439
      },
      "throughput_per_sec": {
        "n": 20,
        "mean": 22420.657510139496,
        "std": 1583.4777410502,
        "sem": 354.0763869846056,
        "min": 16339.869188744997,
        "max": 23310.035581317094,
        "median": 22988.636758129367,
        "p5": 20244.387143968543,
        "p95": 23108.048143619955,
        "p99": 23299.735714498383,
        "ci95_lo": 21726.66779164967,
        "ci95_hi": 23114.64722862932,
        "cv": 0.07062583870852536
      },
      "samples_ms": [
        0.04600000102072954,
        0.044899992644786835,
        0.0439999857917428,
        0.04329998046159744,
        0.04339998122304678,
        0.04369998350739479,
        0.06120000034570694,
        0.048900023102760315,
        0.045199994929134846,
        0.04429998807609081,
        0.04379998426884413,
        0.04330009687691927,
        0.043100095354020596,
        0.04309997893869877,
        0.04329998046159744,
        0.042899977415800095,
        0.04329998046159744,
        0.043599982745945454,
        0.04320009611546993,
        0.04299997817724943
      ]
    },
    "argmax_deploy": {
      "latency_ms": {
        "n": 20,
        "mean": 0.08742499630898237,
        "std": 0.05478741156843861,
        "sem": 0.01225083765782871,
        "min": 0.05719996988773346,
        "max": 0.2660999307408929,
        "median": 0.06029999349266291,
        "p5": 0.05748497205786407,
        "p95": 0.08787502883933485,
        "p99": 0.24998794076964248,
        "ci95_lo": 0.0634133544996381,
        "ci95_hi": 0.11143663811832664,
        "cv": 0.6266790263828647
      },
      "throughput_per_sec": {
        "n": 20,
        "mean": 13979.890193534524,
        "std": 4581.12794927933,
        "sem": 1024.371350821279,
        "min": 3757.986697763259,
        "max": 17482.52668598782,
        "median": 16585.391819402204,
        "p5": 5427.833622446234,
        "p95": 16956.342962727642,
        "p99": 17465.196040922598,
        "ci95_lo": 11972.122345924818,
        "ci95_hi": 15987.65804114423,
        "cv": 0.327694129629003
      },
      "samples_ms": [
        0.10790000669658184,
        0.06820005364716053,
        0.06089999806135893,
        0.060999998822808266,
        0.05879998207092285,
        0.059699988923966885,
        0.05909998435527086,
        0.058999983593821526,
        0.05749997217208147,
        0.08120003622025251,
        0.06130000110715628,
        0.059399986639618874,
        0.058699981309473515,
        0.05719996988773346,
        0.058900099247694016,
        0.05959998816251755,
        0.18129998352378607,
        0.2660999307408929,
        0.15029998030513525,
        0.12240000069141388
      ]
    }
  },
  "deployment": {
    "decisions_per_second": 15.0,
    "frames_per_step": 4,
    "game_hz": 60.0,
    "obs_dim": 48,
    "n_actions": 3,
    "feature_frames": 4,
    "features_per_frame": 12,
    "macs_per_inference_deploy": 23570,
    "macs_per_game_second": 353550,
    "macs_per_minute_gameplay": 21213000,
    "macs_per_episode_median_steps": 38183400,
    "macs_per_episode_mean_steps": 42590990,
    "gflops_per_game_second": 0.000707,
    "median_env_steps_per_episode_ref": 1620,
    "mean_env_steps_per_episode_ref": 1807
  }
}