{
  "block_index": 6,
  "task": "minigrid",
  "block_updates_target": 500,
  "block_updates_done": 500,
  "interrupted": false,
  "finished_at": "2026-06-19T11:06:56Z",
  "eval_wall_s": 16.02320909500122,
  "mg_stage_idx": 7,
  "mg_stage_size": 16,
  "eval": {
    "task": "minigrid",
    "sizes": [
      5,
      6,
      7,
      8,
      10,
      12,
      14,
      16
    ],
    "n_episodes": 240,
    "solve_rate": 0.9416666666666667,
    "loop_fail_rate": 0.05,
    "return_mean": 1.4917583935214709,
    "length_mean": 39.37083333333333,
    "entropy_mean": 0.27199527137571217,
    "per_size": {
      "MiniGrid-DoorKey-5x5-v0": {
        "size": 5,
        "env_id": "MiniGrid-DoorKey-5x5-v0",
        "n_episodes": 30,
        "wall_time_s": 0.5902810096740723,
        "solve_rate": 1.0,
        "loop_fail_rate": 0.0,
        "wander_fail_rate": 0.0,
        "return_mean": 1.5656800000000002,
        "return_std": 0.005398666502016957,
        "return_min": 1.5532,
        "return_max": 1.5748,
        "return_p25": 1.5604,
        "return_p50": 1.5676,
        "return_p75": 1.5703,
        "return_p90": 1.5712,
        "length_mean": 9.533333333333333,
        "length_std": 1.4996295838935993,
        "length_min": 7,
        "length_max": 13,
        "key_pickup_rate": 1.0,
        "door_open_rate": 1.0,
        "action_distribution": {
          "left": 0.13286713286713286,
          "right": 0.1888111888111888,
          "forward": 0.46853146853146854,
          "pickup": 0.1048951048951049,
          "drop": 0.0,
          "toggle": 0.1048951048951049,
          "done": 0.0
        },
        "entropy_mean": 0.20991690631426538,
        "value_mean": 1.089878036075241,
        "action_confidence_mean": 0.9577223586054686,
        "unique_states_mean": 7.833333333333333
      },
      "MiniGrid-DoorKey-6x6-v0": {
        "size": 6,
        "env_id": "MiniGrid-DoorKey-6x6-v0",
        "n_episodes": 30,
        "wall_time_s": 2.381782054901123,
        "solve_rate": 0.9,
        "loop_fail_rate": 0.1,
        "wander_fail_rate": 0.0,
        "return_mean": 1.436166666666667,
        "return_std": 0.39542895133709616,
        "return_min": 0.25,
        "return_max": 1.5775000000000001,
        "return_p25": 1.5625,
        "return_p50": 1.56625,
        "return_p75": 1.571875,
        "return_p90": 1.57525,
        "length_mean": 41.53333333333333,
        "length_std": 86.18496904268684,
        "length_min": 9,
        "length_max": 300,
        "key_pickup_rate": 1.0,
        "door_open_rate": 0.9,
        "action_distribution": {
          "left": 0.1653290529695024,
          "right": 0.1653290529695024,
          "forward": 0.1492776886035313,
          "pickup": 0.024077046548956663,
          "drop": 0.0,
          "toggle": 0.4959871589085072,
          "done": 0.0
        },
        "entropy_mean": 0.3316976621106482,
        "value_mean": 1.0930783796805226,
        "action_confidence_mean": 0.9056184162590786,
        "unique_states_mean": 10.1
      },
      "MiniGrid-DoorKey-7x7-v0": {
        "size": 7,
        "env_id": "MiniGrid-DoorKey-7x7-v0",
        "n_episodes": 30,
        "wall_time_s": 1.2803606986999512,
        "solve_rate": 0.9666666666666667,
        "loop_fail_rate": 0.03333333333333333,
        "wander_fail_rate": 0.0,
        "return_mean": 1.52021768707483,
        "return_std": 0.28234367966243495,
        "return_min": 0.0,
        "return_max": 1.5853061224489795,
        "return_p25": 1.5687755102040817,
        "return_p50": 1.5724489795918366,
        "return_p75": 1.5775,
        "return_p90": 1.5779591836734692,
        "length_mean": 24.4,
        "length_std": 51.2533576135912,
        "length_min": 8,
        "length_max": 300,
        "key_pickup_rate": 0.9666666666666667,
        "door_open_rate": 0.9666666666666667,
        "action_distribution": {
          "left": 0.29098360655737704,
          "right": 0.2937158469945355,
          "forward": 0.3360655737704918,
          "pickup": 0.03961748633879782,
          "drop": 0.0,
          "toggle": 0.03961748633879782,
          "done": 0.0
        },
        "entropy_mean": 0.2727910693383067,
        "value_mean": 1.0839622688422472,
        "action_confidence_mean": 0.9282356172950188,
        "unique_states_mean": 12.6
      },
      "MiniGrid-DoorKey-8x8-v0": {
        "size": 8,
        "env_id": "MiniGrid-DoorKey-8x8-v0",
        "n_episodes": 30,
        "wall_time_s": 1.8251397609710693,
        "solve_rate": 0.9333333333333333,
        "loop_fail_rate": 0.06666666666666667,
        "wander_fail_rate": 0.0,
        "return_mean": 1.486,
        "return_std": 0.33036000870499216,
        "return_min": 0.25,
        "return_max": 1.58453125,
        "return_p25": 1.571875,
        "return_p50": 1.5746875,
        "return_p75": 1.57609375,
        "return_p90": 1.5803125,
        "length_mean": 37.06666666666667,
        "length_std": 70.33156395878659,
        "length_min": 11,
        "length_max": 300,
        "key_pickup_rate": 1.0,
        "door_open_rate": 0.9333333333333333,
        "action_distribution": {
          "left": 0.322841726618705,
          "right": 0.3435251798561151,
          "forward": 0.2814748201438849,
          "pickup": 0.02697841726618705,
          "drop": 0.0,
          "toggle": 0.025179856115107913,
          "done": 0.0
        },
        "entropy_mean": 0.2616740653816948,
        "value_mean": 1.0790407036667482,
        "action_confidence_mean": 0.9341055144203277,
        "unique_states_mean": 15.333333333333334
      },
      "MiniGrid-DoorKey-10x10-v0": {
        "size": 10,
        "env_id": "MiniGrid-DoorKey-10x10-v0",
        "n_episodes": 30,
        "wall_time_s": 2.1620826721191406,
        "solve_rate": 0.9666666666666667,
        "loop_fail_rate": 0.03333333333333333,
        "wander_fail_rate": 0.0,
        "return_mean": 1.5255466666666668,
        "return_std": 0.28332072724897645,
        "return_min": 0.0,
        "return_max": 1.5865,
        "return_p25": 1.575025,
        "return_p50": 1.57795,
        "return_p75": 1.580875,
        "return_p90": 1.5847,
        "length_mean": 33.46666666666667,
        "length_std": 49.73243967025502,
        "length_min": 15,
        "length_max": 300,
        "key_pickup_rate": 0.9666666666666667,
        "door_open_rate": 0.9666666666666667,
        "action_distribution": {
          "left": 0.22310756972111553,
          "right": 0.2559760956175299,
          "forward": 0.4631474103585657,
          "pickup": 0.02888446215139442,
          "drop": 0.0,
          "toggle": 0.02888446215139442,
          "done": 0.0
        },
        "entropy_mean": 0.2501850408958347,
        "value_mean": 1.0641814449923914,
        "action_confidence_mean": 0.933814948001366,
        "unique_states_mean": 21.566666666666666
      },
      "MiniGrid-DoorKey-12x12-v0": {
        "size": 12,
        "env_id": "MiniGrid-DoorKey-12x12-v0",
        "n_episodes": 30,
        "wall_time_s": 2.057051420211792,
        "solve_rate": 0.9666666666666667,
        "loop_fail_rate": 0.03333333333333333,
        "wander_fail_rate": 0.0,
        "return_mean": 1.5289166666666665,
        "return_std": 0.2839354172704694,
        "return_min": 0.0,
        "return_max": 1.5875,
        "return_p25": 1.58015625,
        "return_p50": 1.5818750000000001,
        "return_p75": 1.58375,
        "return_p90": 1.5856875,
        "length_mean": 38.4,
        "length_std": 48.916663827370726,
        "length_min": 20,
        "length_max": 300,
        "key_pickup_rate": 0.9666666666666667,
        "door_open_rate": 0.9666666666666667,
        "action_distribution": {
          "left": 0.20052083333333334,
          "right": 0.2378472222222222,
          "forward": 0.5112847222222222,
          "pickup": 0.025173611111111112,
          "drop": 0.0,
          "toggle": 0.025173611111111112,
          "done": 0.0
        },
        "entropy_mean": 0.26352269513028964,