{
  "block_index": 22,
  "task": "minigrid",
  "block_updates_target": 500,
  "block_updates_done": 500,
  "interrupted": false,
  "finished_at": "2026-06-20T05:15:20Z",
  "eval_wall_s": 38.62732791900635,
  "mg_stage_idx": 7,
  "mg_stage_size": 16,
  "eval": {
    "task": "minigrid",
    "sizes": [
      5,
      6,
      7,
      8,
      10,
      12,
      14,
      16
    ],
    "n_episodes": 240,
    "solve_rate": 0.925,
    "loop_fail_rate": 0.075,
    "return_mean": 1.474255636692177,
    "length_mean": 43.31666666666667,
    "entropy_mean": 0.38351959342543146,
    "per_size": {
      "MiniGrid-DoorKey-5x5-v0": {
        "size": 5,
        "env_id": "MiniGrid-DoorKey-5x5-v0",
        "n_episodes": 30,
        "wall_time_s": 0.9274449348449707,
        "solve_rate": 1.0,
        "loop_fail_rate": 0.0,
        "wander_fail_rate": 0.0,
        "return_mean": 1.5656800000000002,
        "return_std": 0.005398666502016957,
        "return_min": 1.5532,
        "return_max": 1.5748,
        "return_p25": 1.5604,
        "return_p50": 1.5676,
        "return_p75": 1.5703,
        "return_p90": 1.5712,
        "length_mean": 9.533333333333333,
        "length_std": 1.4996295838935993,
        "length_min": 7,
        "length_max": 13,
        "key_pickup_rate": 1.0,
        "door_open_rate": 1.0,
        "action_distribution": {
          "left": 0.0979020979020979,
          "right": 0.22377622377622378,
          "forward": 0.46853146853146854,
          "pickup": 0.1048951048951049,
          "drop": 0.0,
          "toggle": 0.1048951048951049,
          "done": 0.0
        },
        "entropy_mean": 0.3033967264149895,
        "value_mean": 1.056700707229798,
        "action_confidence_mean": 0.9246171135270642,
        "unique_states_mean": 7.833333333333333
      },
      "MiniGrid-DoorKey-6x6-v0": {
        "size": 6,
        "env_id": "MiniGrid-DoorKey-6x6-v0",
        "n_episodes": 30,
        "wall_time_s": 1.0695877075195312,
        "solve_rate": 1.0,
        "loop_fail_rate": 0.0,
        "wander_fail_rate": 0.0,
        "return_mean": 1.569,
        "return_std": 0.005385164807134507,
        "return_min": 1.5575,
        "return_max": 1.5775000000000001,
        "return_p25": 1.565,
        "return_p50": 1.5699999999999998,
        "return_p75": 1.5725,
        "return_p90": 1.57525,
        "length_mean": 12.4,
        "length_std": 2.154065922853802,
        "length_min": 9,
        "length_max": 17,
        "key_pickup_rate": 1.0,
        "door_open_rate": 1.0,
        "action_distribution": {
          "left": 0.12634408602150538,
          "right": 0.1774193548387097,
          "forward": 0.5349462365591398,
          "pickup": 0.08064516129032258,
          "drop": 0.0,
          "toggle": 0.08064516129032258,
          "done": 0.0
        },
        "entropy_mean": 0.3145325824374808,
        "value_mean": 1.0462114275345686,
        "action_confidence_mean": 0.9223243720504285,
        "unique_states_mean": 10.4
      },
      "MiniGrid-DoorKey-7x7-v0": {
        "size": 7,
        "env_id": "MiniGrid-DoorKey-7x7-v0",
        "n_episodes": 30,
        "wall_time_s": 1.2340614795684814,
        "solve_rate": 1.0,
        "loop_fail_rate": 0.0,
        "wander_fail_rate": 0.0,
        "return_mean": 1.5731836734693876,
        "return_std": 0.005142857142857122,
        "return_min": 1.5614285714285714,
        "return_max": 1.5853061224489795,
        "return_p25": 1.5706122448979591,
        "return_p50": 1.5733673469387754,
        "return_p75": 1.5775,
        "return_p90": 1.579795918367347,
        "length_mean": 14.6,
        "length_std": 2.8000000000000003,
        "length_min": 8,
        "length_max": 21,
        "key_pickup_rate": 1.0,
        "door_open_rate": 1.0,
        "action_distribution": {
          "left": 0.1324200913242009,
          "right": 0.1552511415525114,
          "forward": 0.5753424657534246,
          "pickup": 0.0684931506849315,
          "drop": 0.0,
          "toggle": 0.0684931506849315,
          "done": 0.0
        },
        "entropy_mean": 0.34764211272424206,
        "value_mean": 1.0191102280890503,
        "action_confidence_mean": 0.9124914811099134,
        "unique_states_mean": 12.666666666666666
      },
      "MiniGrid-DoorKey-8x8-v0": {
        "size": 8,
        "env_id": "MiniGrid-DoorKey-8x8-v0",
        "n_episodes": 30,
        "wall_time_s": 3.619943857192993,
        "solve_rate": 0.9333333333333333,
        "loop_fail_rate": 0.06666666666666667,
        "wander_fail_rate": 0.0,
        "return_mean": 1.4778541666666662,
        "return_std": 0.36302831009158415,
        "return_min": 0.0,
        "return_max": 1.58453125,
        "return_p25": 1.571875,
        "return_p50": 1.5746875,
        "return_p75": 1.57609375,
        "return_p90": 1.5803125,
        "length_mean": 36.93333333333333,
        "length_std": 70.3732588101159,
        "length_min": 11,
        "length_max": 300,
        "key_pickup_rate": 0.9666666666666667,
        "door_open_rate": 0.9333333333333333,
        "action_distribution": {
          "left": 0.194043321299639,
          "right": 0.20577617328519857,
          "forward": 0.5487364620938628,
          "pickup": 0.026173285198555957,
          "drop": 0.0,
          "toggle": 0.02527075812274368,
          "done": 0.0
        },
        "entropy_mean": 0.3747502328082949,
        "value_mean": 1.0039053272303409,
        "action_confidence_mean": 0.9001606826274712,
        "unique_states_mean": 15.166666666666666
      },
      "MiniGrid-DoorKey-10x10-v0": {
        "size": 10,
        "env_id": "MiniGrid-DoorKey-10x10-v0",
        "n_episodes": 30,
        "wall_time_s": 4.680603265762329,
        "solve_rate": 0.9666666666666667,
        "loop_fail_rate": 0.03333333333333333,
        "wander_fail_rate": 0.0,
        "return_mean": 1.5255166666666669,
        "return_std": 0.2833178451649117,
        "return_min": 0.0,
        "return_max": 1.5865,
        "return_p25": 1.5756999999999999,
        "return_p50": 1.5784,
        "return_p75": 1.5811,
        "return_p90": 1.58389,
        "length_mean": 33.5,
        "length_std": 49.745184021504365,
        "length_min": 15,
        "length_max": 300,
        "key_pickup_rate": 0.9666666666666667,
        "door_open_rate": 0.9666666666666667,
        "action_distribution": {
          "left": 0.0845771144278607,
          "right": 0.10049751243781095,
          "forward": 0.4606965174129353,
          "pickup": 0.3253731343283582,
          "drop": 0.0,
          "toggle": 0.028855721393034824,
          "done": 0.0
        },
        "entropy_mean": 0.38416444687091855,
        "value_mean": 0.9993760036997527,
        "action_confidence_mean": 0.896710085218455,
        "unique_states_mean": 21.5
      },
      "MiniGrid-DoorKey-12x12-v0": {
        "size": 12,
        "env_id": "MiniGrid-DoorKey-12x12-v0",
        "n_episodes": 30,
        "wall_time_s": 8.016935586929321,
        "solve_rate": 0.9,
        "loop_fail_rate": 0.1,
        "wander_fail_rate": 0.0,
        "return_mean": 1.448125,
        "return_std": 0.3993884322206474,
        "return_min": 0.25,
        "return_max": 1.5875,
        "return_p25": 1.5782812499999999,
        "return_p50": 1.580625,
        "return_p75": 1.5825,
        "return_p90": 1.5863125,
        "length_mean": 57.0,
        "length_std": 81.1693702492921,
        "length_min": 20,
        "length_max": 300,
        "key_pickup_rate": 1.0,
        "door_open_rate": 0.9,
        "action_distribution": {
          "left": 0.3111111111111111,
          "right": 0.3128654970760234,
          "forward": 0.34269005847953216,
          "pickup": 0.017543859649122806,
          "drop": 0.0,
          "toggle": 0.015789473684210527,
          "done": 0.0
        },
        "entropy_mean": 0.4232204850281637,
        "value_mean": 0.9700192186252165,
        "action_confidence_mean": 0.8691244868420159,
        "unique_states_mean": 26.7
      },