{
  "run_timestamp": "20260531_214248",
  "checkpoint": "checkpoints_duck_v11/best_duck.pt",
  "seed": 42,
  "model_params": 23300,
  "device": "cpu",
  "deterministic": {
    "n_episodes": 25,
    "aggregate": {
      "score_stats": {
        "n": 25,
        "mean": 62.48,
        "std": 13.604901077675402,
        "sem": 2.7209802155350804,
        "min": 42.0,
        "p1": 42.24,
        "p5": 44.2,
        "p10": 49.0,
        "p25": 51.0,
        "median": 59.0,
        "p75": 70.0,
        "p90": 81.0,
        "p95": 86.99999999999999,
        "p99": 93.32,
        "max": 95.0,
        "iqr": 19.0,
        "ci95_lo": 57.14687877755124,
        "ci95_hi": 67.81312122244876,
        "cv": 0.21774809663372924,
        "skewness": NaN,
        "kurtosis": NaN
      },
      "return_stats": {
        "n": 25,
        "mean": -9.7756,
        "std": 0.03536476589299959,
        "sem": 0.007072953178599918,
        "min": -9.83,
        "p1": -9.83,
        "p5": -9.83,
        "p10": -9.822000000000001,
        "p25": -9.79,
        "median": -9.78,
        "p75": -9.76,
        "p90": -9.74,
        "p95": -9.74,
        "p99": -9.6868,
        "max": -9.67,
        "iqr": 0.02999999999999936,
        "ci95_lo": -9.789462988230056,
        "ci95_hi": -9.761737011769945,
        "cv": 0.0036176568080731196,
        "skewness": NaN,
        "kurtosis": NaN
      },
      "step_stats": {
        "n": 25,
        "mean": 78.24,
        "std": 16.79603127725912,
        "sem": 3.3592062554518245,
        "min": 52.0,
        "p1": 52.48,
        "p5": 55.6,
        "p10": 62.0,
        "p25": 65.0,
        "median": 75.0,
        "p75": 87.0,
        "p90": 101.60000000000001,
        "p95": 107.99999999999999,
        "p99": 116.59999999999998,
        "max": 119.0,
        "iqr": 22.0,
        "ci95_lo": 71.65595573931442,
        "ci95_hi": 84.82404426068557,
        "cv": 0.21467320139646118,
        "skewness": NaN,
        "kurtosis": NaN
      },
      "time_stats": {
        "n": 25,
        "mean": 6.3953119564056395,
        "std": 1.4006699040271435,
        "sem": 0.28013398080542873,
        "min": 4.227367401123047,
        "p1": 4.267776775360107,
        "p5": 4.518906688690186,
        "p10": 5.032567691802979,
        "p25": 5.213102102279663,
        "median": 6.114059686660767,
        "p75": 7.186824560165405,
        "p90": 8.276955175399781,
        "p95": 8.91743083000183,
        "p99": 9.574635143280029,
        "max": 9.74776840209961,
        "iqr": 1.9737224578857422,
        "ci95_lo": 5.846249354026999,
        "ci95_hi": 6.94437455878428,
        "cv": 0.21901510255871282,
        "skewness": NaN,
        "kurtosis": NaN
      },
      "speed_stats": {
        "n": 25,
        "mean": 6.426680000000143,
        "std": 0.12962211745433166,
        "sem": 0.025924423490866332,
        "min": 6.2800000000000935,
        "p1": 6.281440000000094,
        "p5": 6.293800000000098,
        "p10": 6.3250000000001085,
        "p25": 6.3340000000001115,
        "median": 6.38800000000013,
        "p75": 6.457000000000153,
        "p90": 6.553000000000185,
        "p95": 6.601400000000201,
        "p99": 6.829640000000277,
        "max": 6.8990000000003,
        "iqr": 0.12300000000004108,
        "ci95_lo": 6.375868129958045,
        "ci95_hi": 6.4774918700422415,
        "cv": 0.020169374771161593,
        "skewness": NaN,
        "kurtosis": NaN
      },
      "value_stats": {
        "n": 1956,
        "mean": 2.252218819701385,
        "std": 2.7933518778026962,
        "sem": 0.06315986919152312,
        "min": -3.332951068878174,
        "p1": -3.1529046416282656,
        "p5": -2.6050360798835754,
        "p10": -2.2183587551116943,
        "p25": 1.5626735091209412,
        "median": 1.5646239519119263,
        "p75": 4.772135853767395,
        "p90": 6.102221727371216,
        "p95": 6.729392886161804,
        "p99": 7.656283593177796,
        "max": 8.377534866333008,
        "iqr": 3.209462344646454,
        "ci95_lo": 2.1284254760859995,
        "ci95_hi": 2.3760121633167706,
        "cv": 1.240266644327685,
        "skewness": NaN,
        "kurtosis": NaN
      },
      "action_distribution": {
        "noop": {
          "count": 1014,
          "frac": 0.5184
        },
        "jump": {
          "count": 942,
          "frac": 0.4816
        },
        "duck": {
          "count": 0,
          "frac": 0.0
        }
      },
      "global_action_entropy": 0.6924695462061685,
      "mean_per_episode_action_entropy": 0.6772230760654081,
      "survival_rates": {
        "sr_100": 0.0,
        "sr_200": 0.0,
        "sr_300": 0.0,
        "sr_400": 0.0,
        "sr_500": 0.0,
        "sr_750": 0.0,
        "sr_1000": 0.0
      },
      "death_causes": {
        "CACTUS_SMALL": 19,
        "CACTUS_LARGE": 6
      },
      "pterodactyl_death_frac": 0.0
    },
    "episodes": [
      {
        "episode": 1,
        "score": 66,
        "return": -9.67,
        "steps": 79,
        "wall_time_s": 6.513,
        "mode": "deterministic",
        "final_speed": 6.899,
        "death_cause": "CACTUS_SMALL",
        "action_counts": {
          "noop": 48,
          "jump": 31,
          "duck": 0
        },
        "action_fracs": {
          "noop": 0.6076,
          "jump": 0.3924,
          "duck": 0.0
        },
        "value_mean": 2.3109,
        "value_std": 2.5863,
        "value_min": -3.1996,
        "value_max": 7.9087
      },
      {
        "episode": 2,
        "score": 59,
        "return": -9.77,
        "steps": 75,
        "wall_time_s": 6.114,
        "mode": "deterministic",
        "final_speed": 6.388,
        "death_cause": "CACTUS_SMALL",
        "action_counts": {
          "noop": 41,
          "jump": 34,
          "duck": 0
        },
        "action_fracs": {
          "noop": 0.5467,
          "jump": 0.4533,
          "duck": 0.0
        },
        "value_mean": 2.5077,
        "value_std": 2.6911,
        "value_min": -2.617,
        "value_max": 8.0669
      },
      {
        "episode": 3,
        "score": 59,
        "return": -9.77,
        "steps": 74,
        "wall_time_s": 6.028,
        "mode": "deterministic",
        "final_speed": 6.387,
        "death_cause": "CACTUS_SMALL",
        "action_counts": {
          "noop": 41,
          "jump": 33,
          "duck": 0
        },
        "action_fracs": {
          "noop": 0.5541,
          "jump": 0.4459,
          "duck": 0.0
        },
        "value_mean": 1.8829,
        "value_std": 2.7717,
        "value_min": -3.2554,
        "value_max": 7.814
      },
      {
        "episode": 4,
        "score": 70,
        "return": -9.77,
        "steps": 87,
        "wall_time_s": 7.16,
        "mode": "deterministic",
        "final_speed": 6.456,
        "death_cause": "CACTUS_SMALL",
        "action_counts": {
          "noop": 42,
          "jump": 45,
          "duck": 0
        },
        "action_fracs": {
          "noop": 0.4828,
          "jump": 0.5172,
          "duck": 0.0
        },
        "value_mean": 2.0329,
        "value_std": 2.9135,
        "value_min": -3.2655,
        "value_max": 7.1293
      },
      {
        "episode": 5,
        "score": 50,
        "return": -9.75,
        "steps": 65,
        "wall_time_s": 5.16,
        "mode": "deterministic",
        "final_speed": 6.332,
        "death_cause": "CACTUS_SMALL",
        "action_counts": {
          "noop": 42,
          "jump": 23,
          "duck": 0
        },
        "action_fracs": {
          "noop": 0.6462,
          "jump": 0.3538,
          "duck": 0.0
        },
        "value_mean": 2.1109,
        "value_std": 2.231,
        "value_min": -2.6239,
        "value_max": 7.0724
      },
      {
        "episode": 6,
        "score": 50,
        "return": -9.74,
        "steps": 63,
        "wall_time_s": 5.065,
        "mode": "deterministic",
        "final_speed": 6.328,
        "death_cause": "CACTUS_SMALL",