{
  "block_index": 20,
  "task": "minigrid",
  "block_updates_target": 500,
  "block_updates_done": 500,
  "interrupted": false,
  "finished_at": "2026-06-20T04:22:45Z",
  "eval_wall_s": 13.68456482887268,
  "mg_stage_idx": 7,
  "mg_stage_size": 16,
  "eval": {
    "task": "minigrid",
    "sizes": [
      5,
      6,
      7,
      8,
      10,
      12,
      14,
      16
    ],
    "n_episodes": 240,
    "solve_rate": 0.925,
    "loop_fail_rate": 0.075,
    "return_mean": 1.4928995776201106,
    "length_mean": 45.4125,
    "entropy_mean": 0.3746436808003372,
    "per_size": {
      "MiniGrid-DoorKey-5x5-v0": {
        "size": 5,
        "env_id": "MiniGrid-DoorKey-5x5-v0",
        "n_episodes": 30,
        "wall_time_s": 0.3277168273925781,
        "solve_rate": 1.0,
        "loop_fail_rate": 0.0,
        "wander_fail_rate": 0.0,
        "return_mean": 1.5656800000000002,
        "return_std": 0.005398666502016957,
        "return_min": 1.5532,
        "return_max": 1.5748,
        "return_p25": 1.5604,
        "return_p50": 1.5676,
        "return_p75": 1.5703,
        "return_p90": 1.5712,
        "length_mean": 9.533333333333333,
        "length_std": 1.4996295838935993,
        "length_min": 7,
        "length_max": 13,
        "key_pickup_rate": 1.0,
        "door_open_rate": 1.0,
        "action_distribution": {
          "left": 0.0979020979020979,
          "right": 0.22377622377622378,
          "forward": 0.46853146853146854,
          "pickup": 0.1048951048951049,
          "drop": 0.0,
          "toggle": 0.1048951048951049,
          "done": 0.0
        },
        "entropy_mean": 0.25481960364310513,
        "value_mean": 1.0628505907546388,
        "action_confidence_mean": 0.9432963295781388,
        "unique_states_mean": 7.833333333333333
      },
      "MiniGrid-DoorKey-6x6-v0": {
        "size": 6,
        "env_id": "MiniGrid-DoorKey-6x6-v0",
        "n_episodes": 30,
        "wall_time_s": 2.68070912361145,
        "solve_rate": 0.7333333333333333,
        "loop_fail_rate": 0.26666666666666666,
        "wander_fail_rate": 0.0,
        "return_mean": 1.299166666666667,
        "return_std": 0.45199296331789157,
        "return_min": 0.25,
        "return_max": 1.5775000000000001,
        "return_p25": 0.839375,
        "return_p50": 1.5675,
        "return_p75": 1.571875,
        "return_p90": 1.57525,
        "length_mean": 89.0,
        "length_std": 127.2532907236587,
        "length_min": 9,
        "length_max": 300,
        "key_pickup_rate": 1.0,
        "door_open_rate": 0.9666666666666667,
        "action_distribution": {
          "left": 0.07303370786516854,
          "right": 0.07677902621722846,
          "forward": 0.06367041198501873,
          "pickup": 0.011235955056179775,
          "drop": 0.0,
          "toggle": 0.010861423220973783,
          "done": 0.7644194756554307
        },
        "entropy_mean": 0.44094327857304383,
        "value_mean": 1.0509954266022996,
        "action_confidence_mean": 0.8453024916016525,
        "unique_states_mean": 9.166666666666666
      },
      "MiniGrid-DoorKey-7x7-v0": {
        "size": 7,
        "env_id": "MiniGrid-DoorKey-7x7-v0",
        "n_episodes": 30,
        "wall_time_s": 1.2270498275756836,
        "solve_rate": 0.9333333333333333,
        "loop_fail_rate": 0.06666666666666667,
        "wander_fail_rate": 0.0,
        "return_mean": 1.4972380952380955,
        "return_std": 0.2901428302675539,
        "return_min": 0.25,
        "return_max": 1.5853061224489795,
        "return_p25": 1.5706122448979591,
        "return_p50": 1.5733673469387754,
        "return_p75": 1.5775,
        "return_p90": 1.579795918367347,
        "length_mean": 33.3,
        "length_std": 71.32047391878436,
        "length_min": 8,
        "length_max": 300,
        "key_pickup_rate": 1.0,
        "door_open_rate": 0.9666666666666667,
        "action_distribution": {
          "left": 0.20520520520520522,
          "right": 0.2132132132132132,
          "forward": 0.23823823823823823,
          "pickup": 0.03003003003003003,
          "drop": 0.0,
          "toggle": 0.02902902902902903,
          "done": 0.28428428428428426
        },
        "entropy_mean": 0.3334131615669354,
        "value_mean": 1.0579454299786084,
        "action_confidence_mean": 0.911706504982043,
        "unique_states_mean": 12.1
      },
      "MiniGrid-DoorKey-8x8-v0": {
        "size": 8,
        "env_id": "MiniGrid-DoorKey-8x8-v0",
        "n_episodes": 30,
        "wall_time_s": 0.7782819271087646,
        "solve_rate": 1.0,
        "loop_fail_rate": 0.0,
        "wander_fail_rate": 0.0,
        "return_mean": 1.5745468749999998,
        "return_std": 0.004161327959993675,
        "return_min": 1.5634375,
        "return_max": 1.58453125,
        "return_p25": 1.571875,
        "return_p50": 1.5746875,
        "return_p75": 1.57609375,
        "return_p90": 1.5803125,
        "length_mean": 18.1,
        "length_std": 2.9591665493288253,
        "length_min": 11,
        "length_max": 26,
        "key_pickup_rate": 1.0,
        "door_open_rate": 1.0,
        "action_distribution": {
          "left": 0.1270718232044199,
          "right": 0.15837937384898712,
          "forward": 0.6040515653775322,
          "pickup": 0.055248618784530384,
          "drop": 0.0,
          "toggle": 0.055248618784530384,
          "done": 0.0
        },
        "entropy_mean": 0.3423836076313396,
        "value_mean": 1.0556385306500689,
        "action_confidence_mean": 0.9093136306445342,
        "unique_states_mean": 16.066666666666666
      },
      "MiniGrid-DoorKey-10x10-v0": {
        "size": 10,
        "env_id": "MiniGrid-DoorKey-10x10-v0",
        "n_episodes": 30,
        "wall_time_s": 2.6409153938293457,
        "solve_rate": 0.9,
        "loop_fail_rate": 0.1,
        "wander_fail_rate": 0.0,
        "return_mean": 1.4477233333333333,
        "return_std": 0.3958870450716411,
        "return_min": 0.0,
        "return_max": 1.5865,
        "return_p25": 1.570525,
        "return_p50": 1.57705,
        "return_p75": 1.5793,
        "return_p90": 1.58308,
        "length_mean": 52.9,
        "length_std": 82.56203728106519,
        "length_min": 15,
        "length_max": 300,
        "key_pickup_rate": 0.9666666666666667,
        "door_open_rate": 0.9333333333333333,
        "action_distribution": {
          "left": 0.14744801512287334,
          "right": 0.1575299306868305,
          "forward": 0.29300567107750475,
          "pickup": 0.38437303087586644,
          "drop": 0.0,
          "toggle": 0.017643352236925015,
          "done": 0.0
        },
        "entropy_mean": 0.3882064067812179,
        "value_mean": 1.0382370178906446,
        "action_confidence_mean": 0.8829917752924286,
        "unique_states_mean": 21.766666666666666
      },
      "MiniGrid-DoorKey-12x12-v0": {
        "size": 12,
        "env_id": "MiniGrid-DoorKey-12x12-v0",
        "n_episodes": 30,
        "wall_time_s": 1.2948946952819824,
        "solve_rate": 1.0,
        "loop_fail_rate": 0.0,
        "wander_fail_rate": 0.0,
        "return_mean": 1.5808541666666664,
        "return_std": 0.004225059582091371,
        "return_min": 1.5725,
        "return_max": 1.589375,
        "return_p25": 1.57859375,
        "return_p50": 1.5812499999999998,
        "return_p75": 1.58296875,
        "return_p90": 1.5863749999999999,
        "length_mean": 30.633333333333333,
        "length_std": 6.760095331346214,
        "length_min": 17,
        "length_max": 44,
        "key_pickup_rate": 1.0,
        "door_open_rate": 1.0,
        "action_distribution": {
          "left": 0.10554951033732318,
          "right": 0.13601741022850924,
          "forward": 0.6931447225244831,
          "pickup": 0.03264417845484222,
          "drop": 0.0,
          "toggle": 0.03264417845484222,
          "done": 0.0
        },
        "entropy_mean": 0.3689738236845912,
        "value_mean": 1.0244100882953693,