{
  "per_size": {
    "MiniGrid-DoorKey-5x5-v0": {
      "size": 5,
      "env_id": "MiniGrid-DoorKey-5x5-v0",
      "n_episodes": 30,
      "wall_time_s": 0.4280853271484375,
      "solve_rate": 1.0,
      "loop_fail_rate": 0.0,
      "wander_fail_rate": 0.0,
      "return_mean": 1.5656800000000002,
      "return_std": 0.005398666502016957,
      "return_min": 1.5532,
      "return_max": 1.5748,
      "return_p25": 1.5604,
      "return_p50": 1.5676,
      "return_p75": 1.5703,
      "return_p90": 1.5712,
      "length_mean": 9.533333333333333,
      "length_std": 1.4996295838935993,
      "length_min": 7,
      "length_max": 13,
      "key_pickup_rate": 1.0,
      "door_open_rate": 1.0,
      "action_distribution": {
        "left": 0.13286713286713286,
        "right": 0.1888111888111888,
        "forward": 0.46853146853146854,
        "pickup": 0.1048951048951049,
        "drop": 0.0,
        "toggle": 0.1048951048951049,
        "done": 0.0
      },
      "entropy_mean": 0.33888757594199126,
      "value_mean": 1.0336104826222325,
      "action_confidence_mean": 0.920731934022864,
      "unique_states_mean": 7.833333333333333
    },
    "MiniGrid-DoorKey-6x6-v0": {
      "size": 6,
      "env_id": "MiniGrid-DoorKey-6x6-v0",
      "n_episodes": 30,
      "wall_time_s": 1.0498712062835693,
      "solve_rate": 0.9666666666666667,
      "loop_fail_rate": 0.03333333333333333,
      "wander_fail_rate": 0.0,
      "return_mean": 1.52525,
      "return_std": 0.23686260961437822,
      "return_min": 0.25,
      "return_max": 1.5775000000000001,
      "return_p25": 1.565,
      "return_p50": 1.5699999999999998,
      "return_p75": 1.5725,
      "return_p90": 1.57525,
      "length_mean": 21.9,
      "length_std": 51.68194397788587,
      "length_min": 9,
      "length_max": 300,
      "key_pickup_rate": 1.0,
      "door_open_rate": 0.9666666666666667,
      "action_distribution": {
        "left": 0.2907153729071537,
        "right": 0.3272450532724505,
        "forward": 0.2922374429223744,
        "pickup": 0.045662100456621,
        "drop": 0.0,
        "toggle": 0.0441400304414003,
        "done": 0.0
      },
      "entropy_mean": 0.32307300421905616,
      "value_mean": 1.0351914273179081,
      "action_confidence_mean": 0.925709465359555,
      "unique_states_mean": 10.0
    },
    "MiniGrid-DoorKey-7x7-v0": {
      "size": 7,
      "env_id": "MiniGrid-DoorKey-7x7-v0",
      "n_episodes": 30,
      "wall_time_s": 1.4831452369689941,
      "solve_rate": 0.9333333333333333,
      "loop_fail_rate": 0.06666666666666667,
      "wander_fail_rate": 0.0,
      "return_mean": 1.4765034013605445,
      "return_std": 0.3626807715242317,
      "return_min": 0.0,
      "return_max": 1.5853061224489795,
      "return_p25": 1.5687755102040817,
      "return_p50": 1.5724489795918366,
      "return_p75": 1.5775,
      "return_p90": 1.579795918367347,
      "length_mean": 33.7,
      "length_std": 71.22787375739922,
      "length_min": 8,
      "length_max": 300,
      "key_pickup_rate": 0.9666666666666667,
      "door_open_rate": 0.9333333333333333,
      "action_distribution": {
        "left": 0.35113748763600394,
        "right": 0.3570722057368942,
        "forward": 0.2354104846686449,
        "pickup": 0.028684470820969338,
        "drop": 0.0,
        "toggle": 0.027695351137487636,
        "done": 0.0
      },
      "entropy_mean": 0.3407461842066074,
      "value_mean": 1.0138543444616326,
      "action_confidence_mean": 0.9089524713924373,
      "unique_states_mean": 12.133333333333333
    },
    "MiniGrid-DoorKey-8x8-v0": {
      "size": 8,
      "env_id": "MiniGrid-DoorKey-8x8-v0",
      "n_episodes": 30,
      "wall_time_s": 1.0697135925292969,
      "solve_rate": 0.9666666666666667,
      "loop_fail_rate": 0.03333333333333333,
      "wander_fail_rate": 0.0,
      "return_mean": 1.5297343749999994,
      "return_std": 0.23768633777736495,
      "return_min": 0.25,
      "return_max": 1.58453125,
      "return_p25": 1.5704687499999999,
      "return_p50": 1.573984375,
      "return_p75": 1.57609375,
      "return_p90": 1.5803125,
      "length_mean": 27.966666666666665,
      "length_std": 50.6237647311572,
      "length_min": 11,
      "length_max": 300,
      "key_pickup_rate": 1.0,
      "door_open_rate": 0.9666666666666667,
      "action_distribution": {
        "left": 0.265792610250298,
        "right": 0.27771156138259834,
        "forward": 0.38617401668653156,
        "pickup": 0.03575685339690107,
        "drop": 0.0,
        "toggle": 0.03456495828367104,
        "done": 0.0
      },
      "entropy_mean": 0.3075558006406147,
      "value_mean": 1.0167556648930622,
      "action_confidence_mean": 0.9238188373746771,
      "unique_states_mean": 16.033333333333335
    },
    "MiniGrid-DoorKey-10x10-v0": {
      "size": 10,
      "env_id": "MiniGrid-DoorKey-10x10-v0",
      "n_episodes": 30,
      "wall_time_s": 1.930607795715332,
      "solve_rate": 0.9333333333333333,
      "loop_fail_rate": 0.06666666666666667,
      "wander_fail_rate": 0.0,
      "return_mean": 1.4811466666666668,
      "return_std": 0.3639042683026525,
      "return_min": 0.0,
      "return_max": 1.5865,
      "return_p25": 1.57435,
      "return_p50": 1.57795,
      "return_p75": 1.5799750000000001,
      "return_p90": 1.58308,
      "length_mean": 42.8,
      "length_std": 68.90060473851686,
      "length_min": 15,
      "length_max": 300,
      "key_pickup_rate": 0.9666666666666667,
      "door_open_rate": 0.9333333333333333,
      "action_distribution": {
        "left": 0.29205607476635514,
        "right": 0.31386292834890966,
        "forward": 0.34968847352024923,
        "pickup": 0.022585669781931463,
        "drop": 0.0,
        "toggle": 0.021806853582554516,
        "done": 0.0
      },
      "entropy_mean": 0.30392833314719186,
      "value_mean": 0.998621475063119,
      "action_confidence_mean": 0.9259240744109637,
      "unique_states_mean": 21.133333333333333
    },
    "MiniGrid-DoorKey-12x12-v0": {
      "size": 12,
      "env_id": "MiniGrid-DoorKey-12x12-v0",
      "n_episodes": 30,
      "wall_time_s": 1.7148315906524658,
      "solve_rate": 0.9666666666666667,
      "loop_fail_rate": 0.03333333333333333,
      "wander_fail_rate": 0.0,
      "return_mean": 1.5283750000000003,
      "return_std": 0.28383334862497517,
      "return_min": 0.0,
      "return_max": 1.588125,
      "return_p25": 1.5790625,
      "return_p50": 1.5809374999999999,
      "return_p75": 1.583125,
      "return_p90": 1.585125,
      "length_mean": 39.266666666666666,
      "length_std": 48.73461010639382,
      "length_min": 19,
      "length_max": 300,
      "key_pickup_rate": 0.9666666666666667,
      "door_open_rate": 0.9666666666666667,
      "action_distribution": {
        "left": 0.21137521222410866,
        "right": 0.23259762308998302,
        "forward": 0.5067911714770797,
        "pickup": 0.02461799660441426,
        "drop": 0.0,
        "toggle": 0.02461799660441426,
        "done": 0.0
      },
      "entropy_mean": 0.3406972535180181,
      "value_mean": 0.9862452473440689,
      "action_confidence_mean": 0.9094591120424877,
      "unique_states_mean": 27.266666666666666
    },
    "MiniGrid-DoorKey-14x14-v0": {
      "size": 14,
      "env_id": "MiniGrid-DoorKey-14x14-v0",
      "n_episodes": 30,
      "wall_time_s": 2.809208631515503,
      "solve_rate": 0.9,
      "loop_fail_rate": 0.06666666666666667,
      "wander_fail_rate": 0.03333333333333333,
      "return_mean": 1.4329659863945574,
      "return_std": 0.4514409149797017,
      "return_min": 0.0,
      "return_max": 1.589438775510204,
      "return_p25": 1.5792219387755102,
      "return_p50": 1.583469387755102,
      "return_p75": 1.5855357142857143,
      "return_p90": 1.5885663265306122,
      "length_mean": 63.46666666666667,
      "length_std": 79.44966261028985,
      "length_min": 23,
      "length_max": 300,
      "key_pickup_rate": 0.9333333333333333,
      "door_open_rate": 0.9,