{
  "per_size": {
    "MiniGrid-DoorKey-5x5-v0": {
      "size": 5,
      "env_id": "MiniGrid-DoorKey-5x5-v0",
      "n_episodes": 30,
      "wall_time_s": 1.0068027973175049,
      "solve_rate": 1.0,
      "loop_fail_rate": 0.0,
      "wander_fail_rate": 0.0,
      "return_mean": 1.5656800000000002,
      "return_std": 0.005398666502016957,
      "return_min": 1.5532,
      "return_max": 1.5748,
      "return_p25": 1.5604,
      "return_p50": 1.5676,
      "return_p75": 1.5703,
      "return_p90": 1.5712,
      "length_mean": 9.533333333333333,
      "length_std": 1.4996295838935993,
      "length_min": 7,
      "length_max": 13,
      "key_pickup_rate": 1.0,
      "door_open_rate": 1.0,
      "action_distribution": {
        "left": 0.0979020979020979,
        "right": 0.22377622377622378,
        "forward": 0.46853146853146854,
        "pickup": 0.1048951048951049,
        "drop": 0.0,
        "toggle": 0.1048951048951049,
        "done": 0.0
      },
      "entropy_mean": 0.2650137266985843,
      "value_mean": 1.097906998674172,
      "action_confidence_mean": 0.942695594957115,
      "unique_states_mean": 7.833333333333333
    },
    "MiniGrid-DoorKey-6x6-v0": {
      "size": 6,
      "env_id": "MiniGrid-DoorKey-6x6-v0",
      "n_episodes": 30,
      "wall_time_s": 1.8436400890350342,
      "solve_rate": 0.9666666666666667,
      "loop_fail_rate": 0.03333333333333333,
      "wander_fail_rate": 0.0,
      "return_mean": 1.5252500000000002,
      "return_std": 0.2368696459377323,
      "return_min": 0.25,
      "return_max": 1.5775000000000001,
      "return_p25": 1.565,
      "return_p50": 1.5699999999999998,
      "return_p75": 1.5725,
      "return_p90": 1.57525,
      "length_mean": 21.9,
      "length_std": 51.68710348497647,
      "length_min": 9,
      "length_max": 300,
      "key_pickup_rate": 1.0,
      "door_open_rate": 0.9666666666666667,
      "action_distribution": {
        "left": 0.3074581430745814,
        "right": 0.3074581430745814,
        "forward": 0.2952815829528158,
        "pickup": 0.045662100456621,
        "drop": 0.0,
        "toggle": 0.0441400304414003,
        "done": 0.0
      },
      "entropy_mean": 0.2710855105705284,
      "value_mean": 1.0927273362133378,
      "action_confidence_mean": 0.9361986945922554,
      "unique_states_mean": 10.033333333333333
    },
    "MiniGrid-DoorKey-7x7-v0": {
      "size": 7,
      "env_id": "MiniGrid-DoorKey-7x7-v0",
      "n_episodes": 30,
      "wall_time_s": 1.7697548866271973,
      "solve_rate": 0.9666666666666667,
      "loop_fail_rate": 0.03333333333333333,
      "wander_fail_rate": 0.0,
      "return_mean": 1.5296530612244899,
      "return_std": 0.2376738242434975,
      "return_min": 0.25,
      "return_max": 1.5853061224489795,
      "return_p25": 1.5706122448979591,
      "return_p50": 1.5742857142857143,
      "return_p75": 1.5779591836734692,
      "return_p90": 1.579795918367347,
      "length_mean": 23.8,
      "length_std": 51.355233423673575,
      "length_min": 8,
      "length_max": 300,
      "key_pickup_rate": 1.0,
      "door_open_rate": 0.9666666666666667,
      "action_distribution": {
        "left": 0.28991596638655465,
        "right": 0.28431372549019607,
        "forward": 0.3431372549019608,
        "pickup": 0.04201680672268908,
        "drop": 0.0,
        "toggle": 0.04061624649859944,
        "done": 0.0
      },
      "entropy_mean": 0.28042754016815585,
      "value_mean": 1.0723853057037407,
      "action_confidence_mean": 0.9319145290337547,
      "unique_states_mean": 12.266666666666667
    },
    "MiniGrid-DoorKey-8x8-v0": {
      "size": 8,
      "env_id": "MiniGrid-DoorKey-8x8-v0",
      "n_episodes": 30,
      "wall_time_s": 2.893284797668457,
      "solve_rate": 0.9333333333333333,
      "loop_fail_rate": 0.06666666666666667,
      "wander_fail_rate": 0.0,
      "return_mean": 1.4863281249999998,
      "return_std": 0.3304518114010016,
      "return_min": 0.25,
      "return_max": 1.58453125,
      "return_p25": 1.571875,
      "return_p50": 1.5746875,
      "return_p75": 1.57609375,
      "return_p90": 1.5803125,
      "length_mean": 36.833333333333336,
      "length_std": 70.40363784792817,
      "length_min": 11,
      "length_max": 300,
      "key_pickup_rate": 1.0,
      "door_open_rate": 0.9333333333333333,
      "action_distribution": {
        "left": 0.33031674208144796,
        "right": 0.3339366515837104,
        "forward": 0.2832579185520362,
        "pickup": 0.027149321266968326,
        "drop": 0.0,
        "toggle": 0.025339366515837104,
        "done": 0.0
      },
      "entropy_mean": 0.2870073685458161,
      "value_mean": 1.0625826725981982,
      "action_confidence_mean": 0.9268170876763064,
      "unique_states_mean": 15.166666666666666
    },
    "MiniGrid-DoorKey-10x10-v0": {
      "size": 10,
      "env_id": "MiniGrid-DoorKey-10x10-v0",
      "n_episodes": 30,
      "wall_time_s": 1.9705655574798584,
      "solve_rate": 1.0,
      "loop_fail_rate": 0.0,
      "wander_fail_rate": 0.0,
      "return_mean": 1.57801,
      "return_std": 0.00522560044396815,
      "return_min": 1.5667,
      "return_max": 1.5865,
      "return_p25": 1.57435,
      "return_p50": 1.57795,
      "return_p75": 1.5811,
      "return_p90": 1.5856899999999998,
      "length_mean": 24.433333333333334,
      "length_std": 5.8062227155201525,
      "length_min": 15,
      "length_max": 37,
      "key_pickup_rate": 1.0,
      "door_open_rate": 1.0,
      "action_distribution": {
        "left": 0.12278308321964529,
        "right": 0.12141882673942701,
        "forward": 0.6739427012278308,
        "pickup": 0.040927694406548434,
        "drop": 0.0,
        "toggle": 0.040927694406548434,
        "done": 0.0
      },
      "entropy_mean": 0.29078460694302216,
      "value_mean": 1.0494830155018229,
      "action_confidence_mean": 0.9313719584171285,
      "unique_states_mean": 22.4
    },
    "MiniGrid-DoorKey-12x12-v0": {
      "size": 12,
      "env_id": "MiniGrid-DoorKey-12x12-v0",
      "n_episodes": 30,
      "wall_time_s": 3.417165994644165,
      "solve_rate": 0.9666666666666667,
      "loop_fail_rate": 0.03333333333333333,
      "wander_fail_rate": 0.0,
      "return_mean": 1.5293333333333337,
      "return_std": 0.2840158874175097,
      "return_min": 0.0,
      "return_max": 1.589375,
      "return_p25": 1.580625,
      "return_p50": 1.5818750000000001,
      "return_p75": 1.58375,
      "return_p90": 1.5875,
      "length_mean": 37.733333333333334,
      "length_std": 49.08559417543559,
      "length_min": 17,
      "length_max": 300,
      "key_pickup_rate": 0.9666666666666667,
      "door_open_rate": 0.9666666666666667,
      "action_distribution": {
        "left": 0.3507067137809187,
        "right": 0.07862190812720848,
        "forward": 0.519434628975265,
        "pickup": 0.02561837455830389,
        "drop": 0.0,
        "toggle": 0.02561837455830389,
        "done": 0.0
      },
      "entropy_mean": 0.29767657829318744,
      "value_mean": 1.0374860351546498,
      "action_confidence_mean": 0.9267829950447112,
      "unique_states_mean": 26.0
    },
    "MiniGrid-DoorKey-14x14-v0": {
      "size": 14,
      "env_id": "MiniGrid-DoorKey-14x14-v0",
      "n_episodes": 30,
      "wall_time_s": 3.1877410411834717,
      "solve_rate": 1.0,
      "loop_fail_rate": 0.0,
      "wander_fail_rate": 0.0,
      "return_mean": 1.5833775510204082,
      "return_std": 0.00413333327735305,
      "return_min": 1.576122448979592,
      "return_max": 1.5898979591836735,
      "return_p25": 1.5804846938775512,
      "return_p50": 1.5839285714285714,
      "return_p75": 1.586109693877551,
      "return_p90": 1.589438775510204,
      "length_mean": 36.2,
      "length_std": 9.001481359568915,
      "length_min": 22,
      "length_max": 52,
      "key_pickup_rate": 1.0,
      "door_open_rate": 1.0,
      "action_distribution": {
        "left": 0.10589318600368323,
        "right": 0.10220994475138122,