{
  "per_size": {
    "MiniGrid-DoorKey-5x5-v0": {
      "size": 5,
      "env_id": "MiniGrid-DoorKey-5x5-v0",
      "n_episodes": 30,
      "wall_time_s": 0.4221677780151367,
      "solve_rate": 1.0,
      "loop_fail_rate": 0.0,
      "wander_fail_rate": 0.0,
      "return_mean": 1.5656800000000002,
      "return_std": 0.005398666502016957,
      "return_min": 1.5532,
      "return_max": 1.5748,
      "return_p25": 1.5604,
      "return_p50": 1.5676,
      "return_p75": 1.5703,
      "return_p90": 1.5712,
      "length_mean": 9.533333333333333,
      "length_std": 1.4996295838935993,
      "length_min": 7,
      "length_max": 13,
      "key_pickup_rate": 1.0,
      "door_open_rate": 1.0,
      "action_distribution": {
        "left": 0.13286713286713286,
        "right": 0.1888111888111888,
        "forward": 0.46853146853146854,
        "pickup": 0.1048951048951049,
        "drop": 0.0,
        "toggle": 0.1048951048951049,
        "done": 0.0
      },
      "entropy_mean": 0.3543425866499776,
      "value_mean": 1.001157873459206,
      "action_confidence_mean": 0.9177317342672732,
      "unique_states_mean": 7.833333333333333
    },
    "MiniGrid-DoorKey-6x6-v0": {
      "size": 6,
      "env_id": "MiniGrid-DoorKey-6x6-v0",
      "n_episodes": 30,
      "wall_time_s": 1.503903865814209,
      "solve_rate": 0.9333333333333333,
      "loop_fail_rate": 0.06666666666666667,
      "wander_fail_rate": 0.0,
      "return_mean": 1.4797500000000001,
      "return_std": 0.3287243969751358,
      "return_min": 0.25,
      "return_max": 1.5775000000000001,
      "return_p25": 1.5625,
      "return_p50": 1.5675,
      "return_p75": 1.571875,
      "return_p90": 1.57525,
      "length_mean": 32.1,
      "length_std": 71.64325974344457,
      "length_min": 9,
      "length_max": 300,
      "key_pickup_rate": 1.0,
      "door_open_rate": 0.9333333333333333,
      "action_distribution": {
        "left": 0.3624091381100727,
        "right": 0.36656282450674976,
        "forward": 0.21079958463136034,
        "pickup": 0.03115264797507788,
        "drop": 0.0,
        "toggle": 0.029075804776739357,
        "done": 0.0
      },
      "entropy_mean": 0.38546223591790263,
      "value_mean": 0.9956141876644732,
      "action_confidence_mean": 0.9019708289865912,
      "unique_states_mean": 10.7
    },
    "MiniGrid-DoorKey-7x7-v0": {
      "size": 7,
      "env_id": "MiniGrid-DoorKey-7x7-v0",
      "n_episodes": 30,
      "wall_time_s": 1.5085580348968506,
      "solve_rate": 0.9333333333333333,
      "loop_fail_rate": 0.06666666666666667,
      "wander_fail_rate": 0.0,
      "return_mean": 1.4827551020408165,
      "return_std": 0.3295172626823431,
      "return_min": 0.25,
      "return_max": 1.5816326530612246,
      "return_p25": 1.566938775510204,
      "return_p50": 1.5696938775510203,
      "return_p75": 1.5742857142857143,
      "return_p90": 1.579795918367347,
      "length_mean": 34.833333333333336,
      "length_std": 70.93710046387733,
      "length_min": 10,
      "length_max": 300,
      "key_pickup_rate": 1.0,
      "door_open_rate": 0.9333333333333333,
      "action_distribution": {
        "left": 0.3416267942583732,
        "right": 0.3569377990430622,
        "forward": 0.24593301435406698,
        "pickup": 0.028708133971291867,
        "drop": 0.0,
        "toggle": 0.026794258373205742,
        "done": 0.0
      },
      "entropy_mean": 0.4187761398668751,
      "value_mean": 0.9659521342723211,
      "action_confidence_mean": 0.8894574867486456,
      "unique_states_mean": 13.566666666666666
    },
    "MiniGrid-DoorKey-8x8-v0": {
      "size": 8,
      "env_id": "MiniGrid-DoorKey-8x8-v0",
      "n_episodes": 30,
      "wall_time_s": 2.0877270698547363,
      "solve_rate": 0.9,
      "loop_fail_rate": 0.1,
      "wander_fail_rate": 0.0,
      "return_mean": 1.439359375,
      "return_std": 0.39649462240452027,
      "return_min": 0.25,
      "return_max": 1.5803125,
      "return_p25": 1.56484375,
      "return_p50": 1.5711718749999999,
      "return_p75": 1.57609375,
      "return_p90": 1.579046875,
      "length_mean": 48.233333333333334,
      "length_std": 84.02130020946407,
      "length_min": 14,
      "length_max": 300,
      "key_pickup_rate": 1.0,
      "door_open_rate": 0.9,
      "action_distribution": {
        "left": 0.3524533517622668,
        "right": 0.3621285418106427,
        "forward": 0.2460262612301313,
        "pickup": 0.02073255010366275,
        "drop": 0.0,
        "toggle": 0.018659295093296474,
        "done": 0.0
      },
      "entropy_mean": 0.431256170674349,
      "value_mean": 0.9638701380056082,
      "action_confidence_mean": 0.8849204136583564,
      "unique_states_mean": 17.133333333333333
    },
    "MiniGrid-DoorKey-10x10-v0": {
      "size": 10,
      "env_id": "MiniGrid-DoorKey-10x10-v0",
      "n_episodes": 30,
      "wall_time_s": 2.4652302265167236,
      "solve_rate": 0.9,
      "loop_fail_rate": 0.1,
      "wander_fail_rate": 0.0,
      "return_mean": 1.44169,
      "return_std": 0.3972917352525724,
      "return_min": 0.25,
      "return_max": 1.5847,
      "return_p25": 1.5657999999999999,
      "return_p50": 1.5739,
      "return_p75": 1.5799750000000001,
      "return_p90": 1.5820899999999998,
      "length_mean": 55.9,
      "length_std": 81.73793488949913,
      "length_min": 17,
      "length_max": 300,
      "key_pickup_rate": 1.0,
      "door_open_rate": 0.9,
      "action_distribution": {
        "left": 0.31007751937984496,
        "right": 0.32558139534883723,
        "forward": 0.3303518187239117,
        "pickup": 0.017889087656529516,
        "drop": 0.0,
        "toggle": 0.016100178890876567,
        "done": 0.0
      },
      "entropy_mean": 0.4708914915104207,
      "value_mean": 0.9468608892699535,
      "action_confidence_mean": 0.8713593574426202,
      "unique_states_mean": 24.833333333333332
    },
    "MiniGrid-DoorKey-12x12-v0": {
      "size": 12,
      "env_id": "MiniGrid-DoorKey-12x12-v0",
      "n_episodes": 30,
      "wall_time_s": 2.787888526916504,
      "solve_rate": 0.9,
      "loop_fail_rate": 0.1,
      "wander_fail_rate": 0.0,
      "return_mean": 1.4350416666666665,
      "return_std": 0.42447605366956676,
      "return_min": 0.0,
      "return_max": 1.5875,
      "return_p25": 1.56890625,
      "return_p50": 1.575625,
      "return_p75": 1.5803125,
      "return_p90": 1.5844375000000002,
      "length_mean": 64.6,
      "length_std": 79.08796790072853,
      "length_min": 20,
      "length_max": 300,
      "key_pickup_rate": 0.9666666666666667,
      "door_open_rate": 0.9,
      "action_distribution": {
        "left": 0.35294117647058826,
        "right": 0.21052631578947367,
        "forward": 0.40763673890608876,
        "pickup": 0.014963880288957688,
        "drop": 0.0,
        "toggle": 0.01393188854489164,
        "done": 0.0
      },
      "entropy_mean": 0.47040170480509763,
      "value_mean": 0.9281131815542704,
      "action_confidence_mean": 0.8696223726888858,
      "unique_states_mean": 33.4
    },
    "MiniGrid-DoorKey-14x14-v0": {
      "size": 14,
      "env_id": "MiniGrid-DoorKey-14x14-v0",
      "n_episodes": 30,
      "wall_time_s": 3.0558314323425293,
      "solve_rate": 0.9,
      "loop_fail_rate": 0.06666666666666667,
      "wander_fail_rate": 0.03333333333333333,
      "return_mean": 1.4297670068027208,
      "return_std": 0.45038659017102384,
      "return_min": 0.0,
      "return_max": 1.589438775510204,
      "return_p25": 1.572563775510204,
      "return_p50": 1.578188775510204,
      "return_p75": 1.5833545918367347,
      "return_p90": 1.5858571428571429,
      "length_mean": 70.43333333333334,
      "length_std": 77.37513956189171,
      "length_min": 23,
      "length_max": 300,
      "key_pickup_rate": 0.9333333333333333,
      "door_open_rate": 0.9,
      "action_distribution": {
        "left": 0.31945101751064836,
        "right": 0.12588736393752958,
        "forward": 0.5286322763842878,